Time,ID,Instance,Obj,Feasible,Validator-Obj
2015-05-24 Sun 10:39:23,0,n120w8,5945,1,0
2015-05-24 Sun 10:39:26,1,n120w8,5690,1,0
2015-05-24 Sun 10:39:29,2,n120w8,5650,1,0
2015-05-24 Sun 10:39:32,3,n120w8,5970,1,0
2015-05-24 Sun 10:39:35,4,n120w8,5980,1,0
2015-05-24 Sun 10:39:38,5,n120w8,5965,1,0
2015-05-24 Sun 10:39:41,6,n120w8,5585,1,0
2015-05-24 Sun 10:39:44,7,n120w8,6215,1,0
2015-05-24 Sun 12:07:41,0,n100w8,4310,1,0
2015-05-24 Sun 12:07:44,1,n100w8,5100,1,0
2015-05-24 Sun 12:07:47,2,n100w8,4795,1,0
2015-05-24 Sun 12:07:50,3,n100w8,4775,1,0
2015-05-24 Sun 12:07:53,4,n100w8,4655,1,0
2015-05-24 Sun 12:07:56,5,n100w8,4670,1,0
2015-05-24 Sun 12:07:59,6,n100w8,4500,1,0
2015-05-24 Sun 12:08:02,7,n100w8,4415,1,0
2015-05-24 Sun 13:22:50,0,n120w4,3395,1,0
2015-05-24 Sun 13:22:53,1,n120w4,3245,1,0
2015-05-24 Sun 13:22:56,2,n120w4,3365,1,0
2015-05-24 Sun 13:22:59,3,n120w4,3335,1,0
2015-05-24 Sun 13:23:02,4,n120w4,3280,1,0
2015-05-24 Sun 13:23:05,5,n120w4,3260,1,0
2015-05-24 Sun 13:23:08,6,n120w4,3295,1,0
2015-05-24 Sun 13:23:11,7,n120w4,3500,1,0
2015-05-24 Sun 14:03:41,0,n080w8,6065,1,0
2015-05-24 Sun 14:03:44,1,n080w8,6160,1,0
2015-05-24 Sun 14:03:47,2,n080w8,6150,1,0
2015-05-24 Sun 14:03:50,3,n080w8,6335,1,0
2015-05-24 Sun 14:03:53,4,n080w8,6305,1,0
2015-05-24 Sun 14:03:56,5,n080w8,6310,1,0
2015-05-24 Sun 14:03:59,6,n080w8,6425,1,0
2015-05-24 Sun 14:04:02,7,n080w8,6510,1,0
2015-05-24 Sun 15:01:19,0,n100w4,2585,1,0
2015-05-24 Sun 15:01:22,1,n100w4,2570,1,0
2015-05-24 Sun 15:01:25,2,n100w4,2770,1,0
2015-05-24 Sun 15:01:28,3,n100w4,2735,1,0
2015-05-24 Sun 15:01:31,4,n100w4,2670,1,0
2015-05-24 Sun 15:01:34,5,n100w4,2775,1,0
2015-05-24 Sun 15:01:37,6,n100w4,2735,1,0
2015-05-24 Sun 15:01:40,7,n100w4,2630,1,0
2015-05-24 Sun 15:33:25,0,n060w8,4650,1,0
2015-05-24 Sun 15:33:28,1,n060w8,4505,1,0
2015-05-24 Sun 15:33:30,2,n060w8,4775,1,0
2015-05-24 Sun 15:33:33,3,n060w8,4650,1,0
2015-05-24 Sun 15:33:36,4,n060w8,4395,1,0
2015-05-24 Sun 15:33:40,5,n060w8,4570,1,0
2015-05-24 Sun 15:33:42,6,n060w8,4580,1,0
2015-05-24 Sun 15:33:45,7,n060w8,4600,1,0
2015-05-24 Sun 16:13:30,0,n080w4,4065,1,0
2015-05-24 Sun 16:13:33,1,n080w4,4140,1,0
2015-05-24 Sun 16:13:36,2,n080w4,4195,1,0
2015-05-24 Sun 16:13:39,3,n080w4,4140,1,0
2015-05-24 Sun 16:13:42,4,n080w4,4235,1,0
2015-05-24 Sun 16:13:45,5,n080w4,4165,1,0
2015-05-24 Sun 16:13:48,6,n080w4,4210,1,0
2015-05-24 Sun 16:13:51,7,n080w4,4110,1,0
2015-05-24 Sun 16:37:56,0,n050w8,7370,1,0
2015-05-24 Sun 16:37:59,1,n050w8,6995,1,0
2015-05-24 Sun 16:38:02,2,n050w8,6945,1,0
2015-05-24 Sun 16:38:05,3,n050w8,6860,1,0
2015-05-24 Sun 16:38:08,4,n050w8,7050,1,0
2015-05-24 Sun 16:38:11,5,n050w8,7010,1,0
2015-05-24 Sun 16:38:14,6,n050w8,6890,1,0
2015-05-24 Sun 16:38:17,7,n050w8,6855,1,0
2015-05-24 Sun 17:08:11,0,n060w4,3310,1,0
2015-05-24 Sun 17:08:14,1,n060w4,3445,1,0
2015-05-24 Sun 17:08:16,2,n060w4,3465,1,0
2015-05-24 Sun 17:08:19,3,n060w4,3500,1,0
2015-05-24 Sun 17:08:22,4,n060w4,3410,1,0
2015-05-24 Sun 17:08:25,5,n060w4,3430,1,0
2015-05-24 Sun 17:08:28,6,n060w4,3450,1,0
2015-05-24 Sun 17:08:31,7,n060w4,3575,1,0
2015-05-24 Sun 17:24:56,0,n040w8,3795,1,0
2015-05-24 Sun 17:24:59,1,n040w8,3560,1,0
2015-05-24 Sun 17:25:02,2,n040w8,3605,1,0
2015-05-24 Sun 17:25:05,3,n040w8,3580,1,0
2015-05-24 Sun 17:25:08,4,n040w8,3575,1,0
2015-05-24 Sun 17:25:11,5,n040w8,3785,1,0
2015-05-24 Sun 17:25:14,6,n040w8,3880,1,0
2015-05-24 Sun 17:25:17,7,n040w8,3755,1,0
2015-05-24 Sun 17:46:25,0,n050w4,1865,1,0
2015-05-24 Sun 17:46:28,1,n050w4,1945,1,0
2015-05-24 Sun 17:46:31,2,n050w4,1960,1,0
2015-05-24 Sun 17:46:34,3,n050w4,1900,1,0
2015-05-24 Sun 17:46:37,4,n050w4,1950,1,0
2015-05-24 Sun 17:46:40,5,n050w4,1970,1,0
2015-05-24 Sun 17:46:43,6,n050w4,2010,1,0
2015-05-24 Sun 17:46:46,7,n050w4,1900,1,0
2015-05-24 Sun 17:58:48,0,n030w8,2740,1,0
2015-05-24 Sun 17:58:51,1,n030w8,2735,1,0
2015-05-24 Sun 17:58:54,2,n030w8,2735,1,0
2015-05-24 Sun 17:58:57,3,n030w8,2810,1,0
2015-05-24 Sun 17:59:00,4,n030w8,2815,1,0
2015-05-24 Sun 17:59:03,5,n030w8,2655,1,0
2015-05-24 Sun 17:59:06,6,n030w8,2675,1,0
2015-05-24 Sun 17:59:09,7,n030w8,2715,1,0
2015-05-24 Sun 18:11:31,0,n040w4,2230,1,0
2015-05-24 Sun 18:11:34,1,n040w4,2135,1,0
2015-05-24 Sun 18:11:37,2,n040w4,2195,1,0
2015-05-24 Sun 18:11:40,3,n040w4,2215,1,0
2015-05-24 Sun 18:11:43,4,n040w4,2185,1,0
2015-05-24 Sun 18:11:46,5,n040w4,2205,1,0
2015-05-24 Sun 18:11:49,6,n040w4,2175,1,0
2015-05-24 Sun 18:11:52,7,n040w4,2195,1,0
2015-05-24 Sun 18:20:37,0,n030w4,2285,1,0
2015-05-24 Sun 18:20:39,1,n030w4,2275,1,0
2015-05-24 Sun 18:20:42,2,n030w4,2245,1,0
2015-05-24 Sun 18:20:45,3,n030w4,2210,1,0
2015-05-24 Sun 18:20:48,4,n030w4,2275,1,0
2015-05-24 Sun 18:20:51,5,n030w4,2190,1,0
2015-05-24 Sun 18:20:54,6,n030w4,2225,1,0
2015-05-24 Sun 18:20:57,7,n030w4,2250,1,0
2015-05-24 Sun 18:36:17,0,n120w8,5630,1,0
2015-05-24 Sun 18:36:19,1,n120w8,5770,1,0
2015-05-24 Sun 18:36:22,2,n120w8,6130,1,0
2015-05-24 Sun 18:36:25,3,n120w8,5795,1,0
2015-05-24 Sun 18:36:28,4,n120w8,5925,1,0
2015-05-24 Sun 18:36:31,5,n120w8,5485,1,0
2015-05-24 Sun 18:36:34,6,n120w8,5760,1,0
2015-05-24 Sun 18:36:37,7,n120w8,5905,1,0
2015-05-24 Sun 20:04:34,0,n100w8,4715,1,0
2015-05-24 Sun 20:04:37,1,n100w8,4845,1,0
2015-05-24 Sun 20:04:40,2,n100w8,4570,1,0
2015-05-24 Sun 20:04:43,3,n100w8,4565,1,0
2015-05-24 Sun 20:04:46,4,n100w8,4625,1,0
2015-05-24 Sun 20:04:49,5,n100w8,4545,1,0
2015-05-24 Sun 20:04:52,6,n100w8,4600,1,0
2015-05-24 Sun 20:04:55,7,n100w8,4445,1,0
2015-05-24 Sun 21:19:43,0,n120w4,3405,1,0
2015-05-24 Sun 21:19:46,1,n120w4,3370,1,0
2015-05-24 Sun 21:19:49,2,n120w4,3315,1,0
2015-05-24 Sun 21:19:52,3,n120w4,3235,1,0
2015-05-24 Sun 21:19:55,4,n120w4,3335,1,0
2015-05-24 Sun 21:19:58,5,n120w4,3250,1,0
2015-05-24 Sun 21:20:01,6,n120w4,3285,1,0
2015-05-24 Sun 21:20:04,7,n120w4,3300,1,0
2015-05-24 Sun 22:00:35,0,n080w8,6730,1,0
2015-05-24 Sun 22:00:38,1,n080w8,6260,1,0
2015-05-24 Sun 22:00:40,2,n080w8,6440,1,0
2015-05-24 Sun 22:00:43,3,n080w8,6525,1,0
2015-05-24 Sun 22:00:46,4,n080w8,6325,1,0
2015-05-24 Sun 22:00:50,5,n080w8,6240,1,0
2015-05-24 Sun 22:00:53,6,n080w8,6345,1,0
2015-05-24 Sun 22:00:56,7,n080w8,6725,1,0
2015-05-24 Sun 22:58:12,0,n100w4,2625,1,0
2015-05-24 Sun 22:58:15,1,n100w4,2580,1,0
2015-05-24 Sun 22:58:18,2,n100w4,2690,1,0
2015-05-24 Sun 22:58:21,3,n100w4,2745,1,0
2015-05-24 Sun 22:58:24,4,n100w4,2725,1,0
2015-05-24 Sun 22:58:27,5,n100w4,2625,1,0
2015-05-24 Sun 22:58:30,6,n100w4,2675,1,0
2015-05-24 Sun 22:58:33,7,n100w4,2710,1,0
2015-05-24 Sun 23:30:18,0,n060w8,4690,1,0
2015-05-24 Sun 23:30:21,1,n060w8,4685,1,0
2015-05-24 Sun 23:30:24,2,n060w8,4470,1,0
2015-05-24 Sun 23:30:27,3,n060w8,4660,1,0
2015-05-24 Sun 23:30:30,4,n060w8,4345,1,0
2015-05-24 Sun 23:30:33,5,n060w8,4625,1,0
2015-05-24 Sun 23:30:36,6,n060w8,4515,1,0
2015-05-24 Sun 23:30:39,7,n060w8,4520,1,0
2015-05-25 Mon 00:10:24,0,n080w4,4130,1,0
2015-05-25 Mon 00:10:27,1,n080w4,4130,1,0
2015-05-25 Mon 00:10:29,2,n080w4,4210,1,0
2015-05-25 Mon 00:10:32,3,n080w4,4135,1,0
2015-05-25 Mon 00:10:36,4,n080w4,4165,1,0
2015-05-25 Mon 00:10:39,5,n080w4,4030,1,0
2015-05-25 Mon 00:10:42,6,n080w4,4390,1,0
2015-05-25 Mon 00:10:45,7,n080w4,4200,1,0
2015-05-25 Mon 00:34:50,0,n050w8,6800,1,0
2015-05-25 Mon 00:34:52,1,n050w8,7210,1,0
2015-05-25 Mon 00:34:55,2,n050w8,6985,1,0
2015-05-25 Mon 00:34:58,3,n050w8,6875,1,0
2015-05-25 Mon 00:35:01,4,n050w8,6840,1,0
2015-05-25 Mon 00:35:04,5,n050w8,6760,1,0
2015-05-25 Mon 00:35:07,6,n050w8,6855,1,0
2015-05-25 Mon 00:35:10,7,n050w8,7030,1,0
2015-05-25 Mon 01:05:04,0,n060w4,3335,1,0
2015-05-25 Mon 01:05:07,1,n060w4,3490,1,0
2015-05-25 Mon 01:05:10,2,n060w4,3370,1,0
2015-05-25 Mon 01:05:13,3,n060w4,3330,1,0
2015-05-25 Mon 01:05:16,4,n060w4,3295,1,0
2015-05-25 Mon 01:05:19,5,n060w4,3450,1,0
2015-05-25 Mon 01:05:22,6,n060w4,3490,1,0
2015-05-25 Mon 01:05:25,7,n060w4,3440,1,0
2015-05-25 Mon 01:21:50,0,n040w8,3700,1,0
2015-05-25 Mon 01:21:53,1,n040w8,3660,1,0
2015-05-25 Mon 01:21:55,2,n040w8,3740,1,0
2015-05-25 Mon 01:21:58,3,n040w8,3650,1,0
2015-05-25 Mon 01:22:01,4,n040w8,3695,1,0
2015-05-25 Mon 01:22:04,5,n040w8,3930,1,0
2015-05-25 Mon 01:22:07,6,n040w8,3730,1,0
2015-05-25 Mon 01:22:10,7,n040w8,3695,1,0
2015-05-25 Mon 01:43:18,0,n050w4,1955,1,0
2015-05-25 Mon 01:43:21,1,n050w4,1870,1,0
2015-05-25 Mon 01:43:24,2,n050w4,1985,1,0
2015-05-25 Mon 01:43:27,3,n050w4,1965,1,0
2015-05-25 Mon 01:43:30,4,n050w4,1900,1,0
2015-05-25 Mon 01:43:33,5,n050w4,2000,1,0
2015-05-25 Mon 01:43:36,6,n050w4,1955,1,0
2015-05-25 Mon 01:43:39,7,n050w4,2020,1,0
2015-05-25 Mon 01:55:41,0,n030w8,2720,1,0
2015-05-25 Mon 01:55:44,1,n030w8,2875,1,0
2015-05-25 Mon 01:55:47,2,n030w8,2785,1,0
2015-05-25 Mon 01:55:50,3,n030w8,2825,1,0
2015-05-25 Mon 01:55:53,4,n030w8,2850,1,0
2015-05-25 Mon 01:55:56,5,n030w8,2685,1,0
2015-05-25 Mon 01:55:59,6,n030w8,2835,1,0
2015-05-25 Mon 01:56:02,7,n030w8,2740,1,0
2015-05-25 Mon 02:08:24,0,n040w4,2185,1,0
2015-05-25 Mon 02:08:27,1,n040w4,2240,1,0
2015-05-25 Mon 02:08:30,2,n040w4,2280,1,0
2015-05-25 Mon 02:08:33,3,n040w4,2165,1,0
2015-05-25 Mon 02:08:36,4,n040w4,2155,1,0
2015-05-25 Mon 02:08:39,5,n040w4,2230,1,0
2015-05-25 Mon 02:08:42,6,n040w4,2175,1,0
2015-05-25 Mon 02:08:45,7,n040w4,2160,1,0
2015-05-25 Mon 02:17:30,0,n030w4,2285,1,0
2015-05-25 Mon 02:17:33,1,n030w4,2225,1,0
2015-05-25 Mon 02:17:36,2,n030w4,2325,1,0
2015-05-25 Mon 02:17:39,3,n030w4,2245,1,0
2015-05-25 Mon 02:17:42,4,n030w4,2200,1,0
2015-05-25 Mon 02:17:45,5,n030w4,2240,1,0
2015-05-25 Mon 02:17:48,6,n030w4,2305,1,0
2015-05-25 Mon 02:17:51,7,n030w4,2240,1,0
2015-05-25 Mon 02:33:10,0,n120w8,5555,1,0
2015-05-25 Mon 02:33:13,1,n120w8,5540,1,0
2015-05-25 Mon 02:33:16,2,n120w8,5960,1,0
2015-05-25 Mon 02:33:19,3,n120w8,5890,1,0
2015-05-25 Mon 02:33:22,4,n120w8,5715,1,0
2015-05-25 Mon 02:33:25,5,n120w8,5550,1,0
2015-05-25 Mon 02:33:28,6,n120w8,5830,1,0
2015-05-25 Mon 02:33:31,7,n120w8,5595,1,0
2015-05-25 Mon 04:01:28,0,n100w8,4710,1,0
2015-05-25 Mon 04:01:30,1,n100w8,4770,1,0
2015-05-25 Mon 04:01:33,2,n100w8,4805,1,0
2015-05-25 Mon 04:01:36,3,n100w8,4525,1,0
2015-05-25 Mon 04:01:39,4,n100w8,4600,1,0
2015-05-25 Mon 04:01:42,5,n100w8,4615,1,0
2015-05-25 Mon 04:01:45,6,n100w8,4955,1,0
2015-05-25 Mon 04:01:48,7,n100w8,4805,1,0
2015-05-25 Mon 05:16:37,0,n120w4,3365,1,0
2015-05-25 Mon 05:16:39,1,n120w4,3190,1,0
2015-05-25 Mon 05:16:42,2,n120w4,3300,1,0
2015-05-25 Mon 05:16:45,3,n120w4,3430,1,0
2015-05-25 Mon 05:16:48,4,n120w4,3365,1,0
2015-05-25 Mon 05:16:51,5,n120w4,3290,1,0
2015-05-25 Mon 05:16:54,6,n120w4,3320,1,0
2015-05-25 Mon 05:16:57,7,n120w4,3280,1,0
2015-05-25 Mon 05:57:28,0,n080w8,6265,1,0
2015-05-25 Mon 05:57:31,1,n080w8,6300,1,0
2015-05-25 Mon 05:57:34,2,n080w8,6310,1,0
2015-05-25 Mon 05:57:37,3,n080w8,6375,1,0
2015-05-25 Mon 05:57:40,4,n080w8,6340,1,0
2015-05-25 Mon 05:57:43,5,n080w8,6370,1,0
2015-05-25 Mon 05:57:46,6,n080w8,6200,1,0
2015-05-25 Mon 05:57:49,7,n080w8,6340,1,0
2015-05-25 Mon 06:55:06,0,n100w4,2610,1,0
2015-05-25 Mon 06:55:08,1,n100w4,2660,1,0
2015-05-25 Mon 06:55:11,2,n100w4,2715,1,0
2015-05-25 Mon 06:55:14,3,n100w4,2560,1,0
2015-05-25 Mon 06:55:17,4,n100w4,2825,1,0
2015-05-25 Mon 06:55:20,5,n100w4,2650,1,0
2015-05-25 Mon 06:55:23,6,n100w4,2715,1,0
2015-05-25 Mon 06:55:26,7,n100w4,2840,1,0
2015-05-25 Mon 07:27:12,0,n060w8,4545,1,0
2015-05-25 Mon 07:27:14,1,n060w8,4365,1,0
2015-05-25 Mon 07:27:17,2,n060w8,4710,1,0
2015-05-25 Mon 07:27:20,3,n060w8,4525,1,0
2015-05-25 Mon 07:27:23,4,n060w8,4620,1,0
2015-05-25 Mon 07:27:26,5,n060w8,4820,1,0
2015-05-25 Mon 07:27:29,6,n060w8,4430,1,0
2015-05-25 Mon 07:27:32,7,n060w8,4580,1,0
2015-05-25 Mon 08:07:17,0,n080w4,4260,1,0
2015-05-25 Mon 08:07:20,1,n080w4,4125,1,0
2015-05-25 Mon 08:07:23,2,n080w4,4120,1,0
2015-05-25 Mon 08:07:26,3,n080w4,4205,1,0
2015-05-25 Mon 08:07:29,4,n080w4,4190,1,0
2015-05-25 Mon 08:07:32,5,n080w4,4065,1,0
2015-05-25 Mon 08:07:35,6,n080w4,4050,1,0
2015-05-25 Mon 08:07:38,7,n080w4,4220,1,0
2015-05-25 Mon 08:31:43,0,n050w8,6785,1,0
2015-05-25 Mon 08:31:46,1,n050w8,6970,1,0
2015-05-25 Mon 08:31:49,2,n050w8,6830,1,0
2015-05-25 Mon 08:31:52,3,n050w8,7100,1,0
2015-05-25 Mon 08:31:55,4,n050w8,6850,1,0
2015-05-25 Mon 08:31:58,5,n050w8,6975,1,0
2015-05-25 Mon 08:32:01,6,n050w8,6840,1,0
2015-05-25 Mon 08:32:04,7,n050w8,6920,1,0
2015-05-25 Mon 09:01:57,0,n060w4,3480,1,0
2015-05-25 Mon 09:02:00,1,n060w4,3460,1,0
2015-05-25 Mon 09:02:03,2,n060w4,3430,1,0
2015-05-25 Mon 09:02:06,3,n060w4,3485,1,0
2015-05-25 Mon 09:02:09,4,n060w4,3560,1,0
2015-05-25 Mon 09:02:12,5,n060w4,3390,1,0
2015-05-25 Mon 09:02:15,6,n060w4,3320,1,0
2015-05-25 Mon 09:02:18,7,n060w4,3570,1,0
2015-05-25 Mon 09:18:43,0,n040w8,3785,1,0
2015-05-25 Mon 09:18:46,1,n040w8,3720,1,0
2015-05-25 Mon 09:18:49,2,n040w8,3810,1,0
2015-05-25 Mon 09:18:52,3,n040w8,3775,1,0
2015-05-25 Mon 09:18:55,4,n040w8,3925,1,0
2015-05-25 Mon 09:18:58,5,n040w8,3850,1,0
2015-05-25 Mon 09:19:01,6,n040w8,3845,1,0
2015-05-25 Mon 09:19:04,7,n040w8,3890,1,0
2015-05-25 Mon 09:40:12,0,n050w4,2010,1,0
2015-05-25 Mon 09:40:14,1,n050w4,2020,1,0
2015-05-25 Mon 09:40:17,2,n050w4,1880,1,0
2015-05-25 Mon 09:40:20,3,n050w4,1925,1,0
2015-05-25 Mon 09:40:23,4,n050w4,1995,1,0
2015-05-25 Mon 09:40:26,5,n050w4,1920,1,0
2015-05-25 Mon 09:40:29,6,n050w4,1910,1,0
2015-05-25 Mon 09:40:32,7,n050w4,1990,1,0
2015-05-25 Mon 09:52:35,0,n030w8,2835,1,0
2015-05-25 Mon 09:52:37,1,n030w8,2785,1,0
2015-05-25 Mon 09:52:40,2,n030w8,2865,1,0
2015-05-25 Mon 09:52:43,3,n030w8,2710,1,0
2015-05-25 Mon 09:52:46,4,n030w8,2610,1,0
2015-05-25 Mon 09:52:49,5,n030w8,2670,1,0
2015-05-25 Mon 09:52:52,6,n030w8,2810,1,0
2015-05-25 Mon 09:52:55,7,n030w8,2775,1,0
2015-05-25 Mon 10:05:18,0,n040w4,2270,1,0
2015-05-25 Mon 10:05:20,1,n040w4,2215,1,0
2015-05-25 Mon 10:05:23,2,n040w4,2130,1,0
2015-05-25 Mon 10:05:26,3,n040w4,2225,1,0
2015-05-25 Mon 10:05:29,4,n040w4,2125,1,0
2015-05-25 Mon 10:05:32,5,n040w4,2155,1,0
2015-05-25 Mon 10:05:35,6,n040w4,2215,1,0
2015-05-25 Mon 10:05:38,7,n040w4,2175,1,0
2015-05-25 Mon 10:14:24,0,n030w4,2235,1,0
2015-05-25 Mon 10:14:26,1,n030w4,2230,1,0
2015-05-25 Mon 10:14:29,2,n030w4,2285,1,0
2015-05-25 Mon 10:14:32,3,n030w4,2245,1,0
2015-05-25 Mon 10:14:35,4,n030w4,2260,1,0
2015-05-25 Mon 10:14:38,5,n030w4,2155,1,0
2015-05-25 Mon 10:14:41,6,n030w4,2240,1,0
2015-05-25 Mon 10:14:44,7,n030w4,2250,1,0
2015-05-25 Mon 10:30:04,0,n120w8,5805,1,0
2015-05-25 Mon 10:30:06,1,n120w8,5770,1,0
2015-05-25 Mon 10:30:09,2,n120w8,5530,1,0
2015-05-25 Mon 10:30:12,3,n120w8,5555,1,0
2015-05-25 Mon 10:30:15,4,n120w8,5625,1,0
2015-05-25 Mon 10:30:18,5,n120w8,6020,1,0
2015-05-25 Mon 10:30:21,6,n120w8,5875,1,0
2015-05-25 Mon 10:30:24,7,n120w8,5725,1,0
2015-05-25 Mon 11:58:21,0,n100w8,4580,1,0
2015-05-25 Mon 11:58:24,1,n100w8,4625,1,0
2015-05-25 Mon 11:58:26,2,n100w8,4800,1,0
2015-05-25 Mon 11:58:29,3,n100w8,5020,1,0
2015-05-25 Mon 11:58:33,4,n100w8,4650,1,0
2015-05-25 Mon 11:58:36,5,n100w8,4840,1,0
2015-05-25 Mon 11:58:38,6,n100w8,4825,1,0
2015-05-25 Mon 11:58:42,7,n100w8,4720,1,0
2015-05-25 Mon 13:13:30,0,n120w4,3335,1,0
2015-05-25 Mon 13:13:32,1,n120w4,3350,1,0
2015-05-25 Mon 13:13:35,2,n120w4,3300,1,0
2015-05-25 Mon 13:13:38,3,n120w4,3315,1,0
2015-05-25 Mon 13:13:41,4,n120w4,3445,1,0
2015-05-25 Mon 13:13:44,5,n120w4,3190,1,0
2015-05-25 Mon 13:13:47,6,n120w4,3315,1,0
2015-05-25 Mon 13:13:50,7,n120w4,3340,1,0
2015-05-25 Mon 13:54:22,0,n080w8,6330,1,0
2015-05-25 Mon 13:54:24,1,n080w8,6235,1,0
2015-05-25 Mon 13:54:27,2,n080w8,6075,1,0
2015-05-25 Mon 13:54:30,3,n080w8,6590,1,0
2015-05-25 Mon 13:54:33,4,n080w8,6265,1,0
2015-05-25 Mon 13:54:36,5,n080w8,6125,1,0
2015-05-25 Mon 13:54:39,6,n080w8,6370,1,0
2015-05-25 Mon 13:54:42,7,n080w8,6360,1,0
2015-05-25 Mon 14:51:59,0,n100w4,2695,1,0
2015-05-25 Mon 14:52:02,1,n100w4,2740,1,0
2015-05-25 Mon 14:52:04,2,n100w4,2845,1,0
2015-05-25 Mon 14:52:07,3,n100w4,2615,1,0
2015-05-25 Mon 14:52:10,4,n100w4,2695,1,0
2015-05-25 Mon 14:52:13,5,n100w4,2635,1,0
2015-05-25 Mon 14:52:16,6,n100w4,2670,1,0
2015-05-25 Mon 14:52:19,7,n100w4,2675,1,0
2015-05-25 Mon 15:24:05,0,n060w8,4750,1,0
2015-05-25 Mon 15:24:07,1,n060w8,4610,1,0
2015-05-25 Mon 15:24:10,2,n060w8,4575,1,0
2015-05-25 Mon 15:24:13,3,n060w8,4510,1,0
2015-05-25 Mon 15:24:16,4,n060w8,4595,1,0
2015-05-25 Mon 15:24:19,5,n060w8,4580,1,0
2015-05-25 Mon 15:24:22,6,n060w8,4780,1,0
2015-05-25 Mon 15:24:25,7,n060w8,4470,1,0
2015-05-25 Mon 16:04:11,0,n080w4,4220,1,0
2015-05-25 Mon 16:04:13,1,n080w4,4205,1,0
2015-05-25 Mon 16:04:16,2,n080w4,4070,1,0
2015-05-25 Mon 16:04:19,3,n080w4,4105,1,0
2015-05-25 Mon 16:04:22,4,n080w4,4285,1,0
2015-05-25 Mon 16:04:25,5,n080w4,4210,1,0
2015-05-25 Mon 16:04:28,6,n080w4,4195,1,0
2015-05-25 Mon 16:04:31,7,n080w4,4200,1,0
2015-05-25 Mon 16:28:37,0,n050w8,6945,1,0
2015-05-25 Mon 16:28:39,1,n050w8,6855,1,0
2015-05-25 Mon 16:28:42,2,n050w8,7135,1,0
2015-05-25 Mon 16:28:45,3,n050w8,6975,1,0
2015-05-25 Mon 16:28:48,4,n050w8,6965,1,0
2015-05-25 Mon 16:28:51,5,n050w8,6830,1,0
2015-05-25 Mon 16:28:54,6,n050w8,6850,1,0
2015-05-25 Mon 16:28:57,7,n050w8,6980,1,0
2015-05-25 Mon 16:58:51,0,n060w4,3330,1,0
2015-05-25 Mon 16:58:53,1,n060w4,3245,1,0
2015-05-25 Mon 16:58:56,2,n060w4,3380,1,0
2015-05-25 Mon 16:58:59,3,n060w4,3395,1,0
2015-05-25 Mon 16:59:02,4,n060w4,3495,1,0
2015-05-25 Mon 16:59:05,5,n060w4,3405,1,0
2015-05-25 Mon 16:59:08,6,n060w4,3440,1,0
2015-05-25 Mon 16:59:11,7,n060w4,3480,1,0
2015-05-25 Mon 17:15:37,0,n040w8,3875,1,0
2015-05-25 Mon 17:15:39,1,n040w8,3675,1,0
2015-05-25 Mon 17:15:42,2,n040w8,3710,1,0
2015-05-25 Mon 17:15:45,3,n040w8,4000,1,0
2015-05-25 Mon 17:15:48,4,n040w8,3725,1,0
2015-05-25 Mon 17:15:51,5,n040w8,3580,1,0
2015-05-25 Mon 17:15:54,6,n040w8,3935,1,0
2015-05-25 Mon 17:15:57,7,n040w8,3630,1,0
2015-05-25 Mon 17:37:06,0,n050w4,1930,1,0
2015-05-25 Mon 17:37:08,1,n050w4,2045,1,0
2015-05-25 Mon 17:37:11,2,n050w4,1845,1,0
2015-05-25 Mon 17:37:13,3,n050w4,2000,1,0
2015-05-25 Mon 17:37:17,4,n050w4,1920,1,0
2015-05-25 Mon 17:37:20,5,n050w4,1825,1,0
2015-05-25 Mon 17:37:23,6,n050w4,1970,1,0
2015-05-25 Mon 17:37:26,7,n050w4,1895,1,0
2015-05-25 Mon 17:49:28,0,n030w8,2670,1,0
2015-05-25 Mon 17:49:31,1,n030w8,2720,1,0
2015-05-25 Mon 17:49:33,2,n030w8,2700,1,0
2015-05-25 Mon 17:49:36,3,n030w8,2765,1,0
2015-05-25 Mon 17:49:39,4,n030w8,2765,1,0
2015-05-25 Mon 17:49:42,5,n030w8,2760,1,0
2015-05-25 Mon 17:49:45,6,n030w8,2685,1,0
2015-05-25 Mon 17:49:48,7,n030w8,2750,1,0
2015-05-25 Mon 18:02:11,0,n040w4,2210,1,0
2015-05-25 Mon 18:02:13,1,n040w4,2195,1,0
2015-05-25 Mon 18:02:16,2,n040w4,2270,1,0
2015-05-25 Mon 18:02:19,3,n040w4,2225,1,0
2015-05-25 Mon 18:02:22,4,n040w4,2120,1,0
2015-05-25 Mon 18:02:25,5,n040w4,2200,1,0
2015-05-25 Mon 18:02:28,6,n040w4,2190,1,0
2015-05-25 Mon 18:02:31,7,n040w4,2155,1,0
2015-05-25 Mon 18:11:17,0,n030w4,2220,1,0
2015-05-25 Mon 18:11:19,1,n030w4,2210,1,0
2015-05-25 Mon 18:11:22,2,n030w4,2200,1,0
2015-05-25 Mon 18:11:25,3,n030w4,2275,1,0
2015-05-25 Mon 18:11:28,4,n030w4,2295,1,0
2015-05-25 Mon 18:11:31,5,n030w4,2235,1,0
2015-05-25 Mon 18:11:34,6,n030w4,2255,1,0
2015-05-25 Mon 18:11:37,7,n030w4,2165,1,0
2015-05-25 Mon 18:26:57,0,n120w8,5870,1,0
2015-05-25 Mon 18:26:59,1,n120w8,5825,1,0
2015-05-25 Mon 18:27:02,2,n120w8,5690,1,0
2015-05-25 Mon 18:27:05,3,n120w8,5765,1,0
2015-05-25 Mon 18:27:08,4,n120w8,5630,1,0
2015-05-25 Mon 18:27:11,5,n120w8,6075,1,0
2015-05-25 Mon 18:27:14,6,n120w8,5765,1,0
2015-05-25 Mon 18:27:17,7,n120w8,5790,1,0
2015-05-25 Mon 19:55:15,0,n100w8,4585,1,0
2015-05-25 Mon 19:55:17,1,n100w8,4755,1,0
2015-05-25 Mon 19:55:20,2,n100w8,4790,1,0
2015-05-25 Mon 19:55:23,3,n100w8,4375,1,0
2015-05-25 Mon 19:55:26,4,n100w8,4795,1,0
2015-05-25 Mon 19:55:29,5,n100w8,4435,1,0
2015-05-25 Mon 19:55:32,6,n100w8,4805,1,0
2015-05-25 Mon 19:55:35,7,n100w8,4700,1,0
2015-05-25 Mon 21:10:24,0,n120w4,3410,1,0
2015-05-25 Mon 21:10:26,1,n120w4,3390,1,0
2015-05-25 Mon 21:10:29,2,n120w4,3295,1,0
2015-05-25 Mon 21:10:32,3,n120w4,3345,1,0
2015-05-25 Mon 21:10:35,4,n120w4,3310,1,0
2015-05-25 Mon 21:10:38,5,n120w4,3315,1,0
2015-05-25 Mon 21:10:41,6,n120w4,3110,1,0
2015-05-25 Mon 21:10:44,7,n120w4,3285,1,0
2015-05-25 Mon 21:51:16,0,n080w8,6280,1,0
2015-05-25 Mon 21:51:17,1,n080w8,6505,1,0
2015-05-25 Mon 21:51:20,2,n080w8,6355,1,0
2015-05-25 Mon 21:51:23,3,n080w8,6375,1,0
2015-05-25 Mon 21:51:26,4,n080w8,6380,1,0
2015-05-25 Mon 21:51:29,5,n080w8,6290,1,0
2015-05-25 Mon 21:51:32,6,n080w8,6510,1,0
2015-05-25 Mon 21:51:35,7,n080w8,6220,1,0
2015-05-25 Mon 22:48:53,0,n100w4,2550,1,0
2015-05-25 Mon 22:48:55,1,n100w4,2695,1,0
2015-05-25 Mon 22:48:58,2,n100w4,2770,1,0
2015-05-25 Mon 22:49:01,3,n100w4,2780,1,0
2015-05-25 Mon 22:49:04,4,n100w4,2820,1,0
2015-05-25 Mon 22:49:07,5,n100w4,2570,1,0
2015-05-25 Mon 22:49:10,6,n100w4,2620,1,0
2015-05-25 Mon 22:49:13,7,n100w4,2650,1,0
2015-05-25 Mon 23:20:59,0,n060w8,4630,1,0
2015-05-25 Mon 23:21:01,1,n060w8,4730,1,0
2015-05-25 Mon 23:21:03,2,n060w8,4595,1,0
2015-05-25 Mon 23:21:06,3,n060w8,4705,1,0
2015-05-25 Mon 23:21:09,4,n060w8,4520,1,0
2015-05-25 Mon 23:21:12,5,n060w8,4405,1,0
2015-05-25 Mon 23:21:15,6,n060w8,4400,1,0
2015-05-25 Mon 23:21:18,7,n060w8,4715,1,0
2015-05-26 Tue 00:01:05,0,n080w4,4055,1,0
2015-05-26 Tue 00:01:06,1,n080w4,4280,1,0
2015-05-26 Tue 00:01:09,2,n080w4,4320,1,0
2015-05-26 Tue 00:01:12,3,n080w4,4260,1,0
2015-05-26 Tue 00:01:15,4,n080w4,4165,1,0
2015-05-26 Tue 00:01:18,5,n080w4,4120,1,0
2015-05-26 Tue 00:01:21,6,n080w4,4145,1,0
2015-05-26 Tue 00:01:24,7,n080w4,4325,1,0
2015-05-26 Tue 00:25:30,0,n050w8,7035,1,0
2015-05-26 Tue 00:25:32,1,n050w8,7145,1,0
2015-05-26 Tue 00:25:35,2,n050w8,7070,1,0
2015-05-26 Tue 00:25:38,3,n050w8,7010,1,0
2015-05-26 Tue 00:25:41,4,n050w8,7090,1,0
2015-05-26 Tue 00:25:44,5,n050w8,6950,1,0
2015-05-26 Tue 00:25:47,6,n050w8,7000,1,0
2015-05-26 Tue 00:25:50,7,n050w8,6775,1,0
2015-05-26 Tue 00:55:45,0,n060w4,3450,1,0
2015-05-26 Tue 00:55:47,1,n060w4,3450,1,0
2015-05-26 Tue 00:55:49,2,n060w4,3470,1,0
2015-05-26 Tue 00:55:52,3,n060w4,3500,1,0
2015-05-26 Tue 00:55:55,4,n060w4,3475,1,0
2015-05-26 Tue 00:55:58,5,n060w4,3500,1,0
2015-05-26 Tue 00:56:01,6,n060w4,3295,1,0
2015-05-26 Tue 00:56:04,7,n060w4,3465,1,0
2015-05-26 Tue 01:12:31,0,n040w8,3850,1,0
2015-05-26 Tue 01:12:32,1,n040w8,3680,1,0
2015-05-26 Tue 01:12:35,2,n040w8,3940,1,0
2015-05-26 Tue 01:12:38,3,n040w8,3790,1,0
2015-05-26 Tue 01:12:41,4,n040w8,3805,1,0
2015-05-26 Tue 01:12:44,5,n040w8,3855,1,0
2015-05-26 Tue 01:12:47,6,n040w8,3720,1,0
2015-05-26 Tue 01:12:50,7,n040w8,3805,1,0
2015-05-26 Tue 01:33:59,0,n050w4,1935,1,0
2015-05-26 Tue 01:34:01,1,n050w4,1970,1,0
2015-05-26 Tue 01:34:04,2,n050w4,1850,1,0
2015-05-26 Tue 01:34:07,3,n050w4,1990,1,0
2015-05-26 Tue 01:34:10,4,n050w4,1985,1,0
2015-05-26 Tue 01:34:13,5,n050w4,2090,1,0
2015-05-26 Tue 01:34:16,6,n050w4,1910,1,0
2015-05-26 Tue 01:34:19,7,n050w4,1900,1,0
2015-05-26 Tue 01:46:22,0,n030w8,2680,1,0
2015-05-26 Tue 01:46:24,1,n030w8,2630,1,0
2015-05-26 Tue 01:46:27,2,n030w8,2715,1,0
2015-05-26 Tue 01:46:30,3,n030w8,2875,1,0
2015-05-26 Tue 01:46:33,4,n030w8,2695,1,0
2015-05-26 Tue 01:46:36,5,n030w8,2755,1,0
2015-05-26 Tue 01:46:39,6,n030w8,2730,1,0
2015-05-26 Tue 01:46:42,7,n030w8,2685,1,0
2015-05-26 Tue 01:59:05,0,n040w4,2200,1,0
2015-05-26 Tue 01:59:07,1,n040w4,2145,1,0
2015-05-26 Tue 01:59:10,2,n040w4,2220,1,0
2015-05-26 Tue 01:59:12,3,n040w4,2150,1,0
2015-05-26 Tue 01:59:16,4,n040w4,2210,1,0
2015-05-26 Tue 01:59:19,5,n040w4,2215,1,0
2015-05-26 Tue 01:59:22,6,n040w4,2155,1,0
2015-05-26 Tue 01:59:25,7,n040w4,2215,1,0
2015-05-26 Tue 02:08:11,0,n030w4,2170,1,0
2015-05-26 Tue 02:08:12,1,n030w4,2285,1,0
2015-05-26 Tue 02:08:15,2,n030w4,2315,1,0
2015-05-26 Tue 02:08:18,3,n030w4,2210,1,0
2015-05-26 Tue 02:08:21,4,n030w4,2250,1,0
2015-05-26 Tue 02:08:24,5,n030w4,2145,1,0
2015-05-26 Tue 02:08:27,6,n030w4,2220,1,0
2015-05-26 Tue 02:08:30,7,n030w4,2280,1,0
2015-05-26 Tue 02:23:51,0,n120w8,5990,1,0
2015-05-26 Tue 02:23:53,1,n120w8,5790,1,0
2015-05-26 Tue 02:23:55,2,n120w8,6155,1,0
2015-05-26 Tue 02:23:58,3,n120w8,5505,1,0
2015-05-26 Tue 02:24:01,4,n120w8,5550,1,0
2015-05-26 Tue 02:24:04,5,n120w8,5940,1,0
2015-05-26 Tue 02:24:07,6,n120w8,5800,1,0
2015-05-26 Tue 02:24:10,7,n120w8,5775,1,0
2015-05-26 Tue 03:52:09,0,n100w8,4870,1,0
2015-05-26 Tue 03:52:10,1,n100w8,4935,1,0
2015-05-26 Tue 03:52:13,2,n100w8,4780,1,0
2015-05-26 Tue 03:52:16,3,n100w8,4530,1,0
2015-05-26 Tue 03:52:19,4,n100w8,4745,1,0
2015-05-26 Tue 03:52:22,5,n100w8,4450,1,0
2015-05-26 Tue 03:52:25,6,n100w8,4965,1,0
2015-05-26 Tue 03:52:28,7,n100w8,4580,1,0
2015-05-26 Tue 05:07:17,0,n120w4,3265,1,0
2015-05-26 Tue 05:07:19,1,n120w4,3220,1,0
2015-05-26 Tue 05:07:22,2,n120w4,3285,1,0
2015-05-26 Tue 05:07:25,3,n120w4,3295,1,0
2015-05-26 Tue 05:07:28,4,n120w4,3295,1,0
2015-05-26 Tue 05:07:31,5,n120w4,3135,1,0
2015-05-26 Tue 05:07:34,6,n120w4,3265,1,0
2015-05-26 Tue 05:07:37,7,n120w4,3225,1,0
2015-05-26 Tue 05:48:09,0,n080w8,6510,1,0
2015-05-26 Tue 05:48:11,1,n080w8,6515,1,0
2015-05-26 Tue 05:48:13,2,n080w8,6355,1,0
2015-05-26 Tue 05:48:16,3,n080w8,6430,1,0
2015-05-26 Tue 05:48:19,4,n080w8,6280,1,0
2015-05-26 Tue 05:48:23,5,n080w8,6285,1,0
2015-05-26 Tue 05:48:25,6,n080w8,6220,1,0
2015-05-26 Tue 05:48:29,7,n080w8,6460,1,0
2015-05-26 Tue 06:45:46,0,n100w4,2685,1,0
2015-05-26 Tue 06:45:48,1,n100w4,2680,1,0
2015-05-26 Tue 06:45:51,2,n100w4,2860,1,0
2015-05-26 Tue 06:45:54,3,n100w4,2605,1,0
2015-05-26 Tue 06:45:57,4,n100w4,2700,1,0
2015-05-26 Tue 06:46:00,5,n100w4,2625,1,0
2015-05-26 Tue 06:46:03,6,n100w4,2755,1,0
2015-05-26 Tue 06:46:06,7,n100w4,2850,1,0
2015-05-26 Tue 07:17:52,0,n060w8,4525,1,0
2015-05-26 Tue 07:17:54,1,n060w8,4455,1,0
2015-05-26 Tue 07:17:57,2,n060w8,4365,1,0
2015-05-26 Tue 07:18:00,3,n060w8,4445,1,0
2015-05-26 Tue 07:18:03,4,n060w8,4755,1,0
2015-05-26 Tue 07:18:06,5,n060w8,4525,1,0
2015-05-26 Tue 07:18:09,6,n060w8,4565,1,0
2015-05-26 Tue 07:18:12,7,n060w8,4680,1,0
2015-05-26 Tue 07:57:58,0,n080w4,4115,1,0
2015-05-26 Tue 07:58:00,1,n080w4,4310,1,0
2015-05-26 Tue 07:58:03,2,n080w4,4130,1,0
2015-05-26 Tue 07:58:05,3,n080w4,4170,1,0
2015-05-26 Tue 07:58:09,4,n080w4,4275,1,0
2015-05-26 Tue 07:58:12,5,n080w4,4215,1,0
2015-05-26 Tue 07:58:14,6,n080w4,4180,1,0
2015-05-26 Tue 07:58:18,7,n080w4,4315,1,0
2015-05-26 Tue 08:22:24,0,n050w8,7145,1,0
2015-05-26 Tue 08:22:25,1,n050w8,7145,1,0
2015-05-26 Tue 08:22:28,2,n050w8,7295,1,0
2015-05-26 Tue 08:22:31,3,n050w8,6800,1,0
2015-05-26 Tue 08:22:34,4,n050w8,6835,1,0
2015-05-26 Tue 08:22:37,5,n050w8,6975,1,0
2015-05-26 Tue 08:22:40,6,n050w8,7045,1,0
2015-05-26 Tue 08:22:43,7,n050w8,6785,1,0
2015-05-26 Tue 08:52:38,0,n060w4,3520,1,0
2015-05-26 Tue 08:52:40,1,n060w4,3340,1,0
2015-05-26 Tue 08:52:43,2,n060w4,3390,1,0
2015-05-26 Tue 08:52:46,3,n060w4,3360,1,0
2015-05-26 Tue 08:52:49,4,n060w4,3445,1,0
2015-05-26 Tue 08:52:52,5,n060w4,3400,1,0
2015-05-26 Tue 08:52:55,6,n060w4,3465,1,0
2015-05-26 Tue 08:52:58,7,n060w4,3490,1,0
2015-05-26 Tue 09:09:24,0,n040w8,3730,1,0
2015-05-26 Tue 09:09:26,1,n040w8,3885,1,0
2015-05-26 Tue 09:09:28,2,n040w8,3845,1,0
2015-05-26 Tue 09:09:31,3,n040w8,3705,1,0
2015-05-26 Tue 09:09:34,4,n040w8,3710,1,0
2015-05-26 Tue 09:09:37,5,n040w8,3915,1,0
2015-05-26 Tue 09:09:40,6,n040w8,3570,1,0
2015-05-26 Tue 09:09:43,7,n040w8,3735,1,0
2015-05-26 Tue 09:30:53,0,n050w4,1825,1,0
2015-05-26 Tue 09:30:54,1,n050w4,2055,1,0
2015-05-26 Tue 09:30:57,2,n050w4,1985,1,0
2015-05-26 Tue 09:31:00,3,n050w4,1875,1,0
2015-05-26 Tue 09:31:03,4,n050w4,1990,1,0
2015-05-26 Tue 09:31:06,5,n050w4,1955,1,0
2015-05-26 Tue 09:31:09,6,n050w4,1860,1,0
2015-05-26 Tue 09:31:12,7,n050w4,1935,1,0
2015-05-26 Tue 09:43:16,0,n030w8,2935,1,0
2015-05-26 Tue 09:43:17,1,n030w8,2800,1,0
2015-05-26 Tue 09:43:20,2,n030w8,2730,1,0
2015-05-26 Tue 09:43:23,3,n030w8,2725,1,0
2015-05-26 Tue 09:43:26,4,n030w8,2770,1,0
2015-05-26 Tue 09:43:29,5,n030w8,2810,1,0
2015-05-26 Tue 09:43:32,6,n030w8,2800,1,0
2015-05-26 Tue 09:43:35,7,n030w8,2725,1,0
2015-05-26 Tue 09:55:59,0,n040w4,2240,1,0
2015-05-26 Tue 09:56:00,1,n040w4,2220,1,0
2015-05-26 Tue 09:56:03,2,n040w4,2120,1,0
2015-05-26 Tue 09:56:06,3,n040w4,2210,1,0
2015-05-26 Tue 09:56:09,4,n040w4,2215,1,0
2015-05-26 Tue 09:56:12,5,n040w4,2175,1,0
2015-05-26 Tue 09:56:15,6,n040w4,2225,1,0
2015-05-26 Tue 09:56:18,7,n040w4,2165,1,0
2015-05-26 Tue 10:05:04,0,n030w4,2265,1,0
2015-05-26 Tue 10:05:06,1,n030w4,2220,1,0
2015-05-26 Tue 10:05:09,2,n030w4,2200,1,0
2015-05-26 Tue 10:05:11,3,n030w4,2255,1,0
2015-05-26 Tue 10:05:15,4,n030w4,2210,1,0
2015-05-26 Tue 10:05:18,5,n030w4,2240,1,0
2015-05-26 Tue 10:05:20,6,n030w4,2230,1,0
2015-05-26 Tue 10:05:24,7,n030w4,2250,1,0
2015-05-26 Tue 10:20:45,0,n120w8,5660,1,0
2015-05-26 Tue 10:20:46,1,n120w8,5815,1,0
2015-05-26 Tue 10:20:49,2,n120w8,5630,1,0
2015-05-26 Tue 10:20:52,3,n120w8,5920,1,0
2015-05-26 Tue 10:20:55,4,n120w8,5895,1,0
2015-05-26 Tue 10:20:58,5,n120w8,5650,1,0
2015-05-26 Tue 10:21:01,6,n120w8,5700,1,0
2015-05-26 Tue 10:21:04,7,n120w8,5490,1,0
2015-05-26 Tue 11:49:02,0,n100w8,4785,1,0
2015-05-26 Tue 11:49:03,1,n100w8,4545,1,0
2015-05-26 Tue 11:49:06,2,n100w8,4395,1,0
2015-05-26 Tue 11:49:09,3,n100w8,4730,1,0
2015-05-26 Tue 11:49:12,4,n100w8,4615,1,0
2015-05-26 Tue 11:49:15,5,n100w8,4580,1,0
2015-05-26 Tue 11:49:18,6,n100w8,4675,1,0
2015-05-26 Tue 11:49:21,7,n100w8,4780,1,0
2015-05-26 Tue 13:04:11,0,n120w4,3285,1,0
2015-05-26 Tue 13:04:12,1,n120w4,3285,1,0
2015-05-26 Tue 13:04:15,2,n120w4,3400,1,0
2015-05-26 Tue 13:04:18,3,n120w4,3270,1,0
2015-05-26 Tue 13:04:21,4,n120w4,3230,1,0
2015-05-26 Tue 13:04:24,5,n120w4,3140,1,0
2015-05-26 Tue 13:04:27,6,n120w4,3375,1,0
2015-05-26 Tue 13:04:30,7,n120w4,3225,1,0
2015-05-26 Tue 13:45:03,0,n080w8,6265,1,0
2015-05-26 Tue 13:45:04,1,n080w8,6015,1,0
2015-05-26 Tue 13:45:07,2,n080w8,6580,1,0
2015-05-26 Tue 13:45:10,3,n080w8,6310,1,0
2015-05-26 Tue 13:45:13,4,n080w8,6220,1,0
2015-05-26 Tue 13:45:16,5,n080w8,6210,1,0
2015-05-26 Tue 13:45:19,6,n080w8,6230,1,0
2015-05-26 Tue 13:45:22,7,n080w8,6330,1,0
2015-05-26 Tue 14:42:40,0,n100w4,2660,1,0
2015-05-26 Tue 14:42:41,1,n100w4,2755,1,0
2015-05-26 Tue 14:42:44,2,n100w4,2685,1,0
2015-05-26 Tue 14:42:47,3,n100w4,2675,1,0
2015-05-26 Tue 14:42:50,4,n100w4,2695,1,0
2015-05-26 Tue 14:42:53,5,n100w4,2740,1,0
2015-05-26 Tue 14:42:56,6,n100w4,2620,1,0
2015-05-26 Tue 14:42:59,7,n100w4,2775,1,0
2015-05-26 Tue 15:14:46,0,n060w8,4335,1,0
2015-05-26 Tue 15:14:47,1,n060w8,4510,1,0
2015-05-26 Tue 15:14:50,2,n060w8,4610,1,0
2015-05-26 Tue 15:14:53,3,n060w8,4690,1,0
2015-05-26 Tue 15:14:56,4,n060w8,4620,1,0
2015-05-26 Tue 15:14:59,5,n060w8,4570,1,0
2015-05-26 Tue 15:15:02,6,n060w8,4635,1,0
2015-05-26 Tue 15:15:05,7,n060w8,4675,1,0
2015-05-26 Tue 15:54:52,0,n080w4,4110,1,0
2015-05-26 Tue 15:54:53,1,n080w4,4190,1,0
2015-05-26 Tue 15:54:56,2,n080w4,4220,1,0
2015-05-26 Tue 15:54:59,3,n080w4,4095,1,0
2015-05-26 Tue 15:55:02,4,n080w4,4330,1,0
2015-05-26 Tue 15:55:05,5,n080w4,4200,1,0
2015-05-26 Tue 15:55:08,6,n080w4,4165,1,0
2015-05-26 Tue 15:55:11,7,n080w4,4030,1,0
2015-05-26 Tue 16:19:18,0,n050w8,6935,1,0
2015-05-26 Tue 16:19:19,1,n050w8,6930,1,0
2015-05-26 Tue 16:19:22,2,n050w8,7100,1,0
2015-05-26 Tue 16:19:25,3,n050w8,6720,1,0
2015-05-26 Tue 16:19:28,4,n050w8,6930,1,0
2015-05-26 Tue 16:19:31,5,n050w8,6880,1,0
2015-05-26 Tue 16:19:34,6,n050w8,7155,1,0
2015-05-26 Tue 16:19:37,7,n050w8,6785,1,0
2015-05-26 Tue 16:49:32,0,n060w4,3385,1,0
2015-05-26 Tue 16:49:33,1,n060w4,3480,1,0
2015-05-26 Tue 16:49:36,2,n060w4,3505,1,0
2015-05-26 Tue 16:49:39,3,n060w4,3390,1,0
2015-05-26 Tue 16:49:42,4,n060w4,3425,1,0
2015-05-26 Tue 16:49:45,5,n060w4,3315,1,0
2015-05-26 Tue 16:49:48,6,n060w4,3565,1,0
2015-05-26 Tue 16:49:51,7,n060w4,3430,1,0
2015-05-26 Tue 17:06:18,0,n040w8,3905,1,0
2015-05-26 Tue 17:06:19,1,n040w8,3790,1,0
2015-05-26 Tue 17:06:22,2,n040w8,3805,1,0
2015-05-26 Tue 17:06:25,3,n040w8,3710,1,0
2015-05-26 Tue 17:06:28,4,n040w8,3710,1,0
2015-05-26 Tue 17:06:31,5,n040w8,3710,1,0
2015-05-26 Tue 17:06:34,6,n040w8,3700,1,0
2015-05-26 Tue 17:06:37,7,n040w8,3985,1,0
2015-05-26 Tue 17:27:46,0,n050w4,1940,1,0
2015-05-26 Tue 17:27:48,1,n050w4,2025,1,0
2015-05-26 Tue 17:27:50,2,n050w4,1985,1,0
2015-05-26 Tue 17:27:53,3,n050w4,2065,1,0
2015-05-26 Tue 17:27:56,4,n050w4,1930,1,0
2015-05-26 Tue 17:27:59,5,n050w4,1955,1,0
2015-05-26 Tue 17:28:02,6,n050w4,1995,1,0
2015-05-26 Tue 17:28:05,7,n050w4,1980,1,0
2015-05-26 Tue 17:40:09,0,n030w8,2655,1,0
2015-05-26 Tue 17:40:10,1,n030w8,2760,1,0
2015-05-26 Tue 17:40:13,2,n030w8,2675,1,0
2015-05-26 Tue 17:40:16,3,n030w8,2615,1,0
2015-05-26 Tue 17:40:19,4,n030w8,2750,1,0
2015-05-26 Tue 17:40:22,5,n030w8,2860,1,0
2015-05-26 Tue 17:40:25,6,n030w8,2660,1,0
2015-05-26 Tue 17:40:28,7,n030w8,2750,1,0
2015-05-26 Tue 17:52:52,0,n040w4,2195,1,0
2015-05-26 Tue 17:52:53,1,n040w4,2220,1,0
2015-05-26 Tue 17:52:56,2,n040w4,2205,1,0
2015-05-26 Tue 17:52:59,3,n040w4,2250,1,0
2015-05-26 Tue 17:53:02,4,n040w4,2130,1,0
2015-05-26 Tue 17:53:05,5,n040w4,2155,1,0
2015-05-26 Tue 17:53:08,6,n040w4,2195,1,0
2015-05-26 Tue 17:53:11,7,n040w4,2195,1,0
2015-05-26 Tue 18:01:58,0,n030w4,2305,1,0
2015-05-26 Tue 18:01:59,1,n030w4,2220,1,0
2015-05-26 Tue 18:02:02,2,n030w4,2275,1,0
2015-05-26 Tue 18:02:05,3,n030w4,2320,1,0
2015-05-26 Tue 18:02:08,4,n030w4,2235,1,0
2015-05-26 Tue 18:02:11,5,n030w4,2230,1,0
2015-05-26 Tue 18:02:14,6,n030w4,2180,1,0
2015-05-26 Tue 18:02:17,7,n030w4,2290,1,0
2015-05-26 Tue 18:17:38,0,n120w8,5310,1,0
2015-05-26 Tue 18:17:39,1,n120w8,5830,1,0
2015-05-26 Tue 18:17:42,2,n120w8,6110,1,0
2015-05-26 Tue 18:17:45,3,n120w8,5880,1,0
2015-05-26 Tue 18:17:48,4,n120w8,5675,1,0
2015-05-26 Tue 18:17:51,5,n120w8,5895,1,0
2015-05-26 Tue 18:17:54,6,n120w8,5940,1,0
2015-05-26 Tue 18:17:57,7,n120w8,5615,1,0
2015-05-26 Tue 19:45:56,0,n100w8,4650,1,0
2015-05-26 Tue 19:45:57,1,n100w8,4775,1,0
2015-05-26 Tue 19:46:00,2,n100w8,4700,1,0
2015-05-26 Tue 19:46:02,3,n100w8,4505,1,0
2015-05-26 Tue 19:46:05,4,n100w8,4485,1,0
2015-05-26 Tue 19:46:08,5,n100w8,4870,1,0
2015-05-26 Tue 19:46:11,6,n100w8,4785,1,0
2015-05-26 Tue 19:46:15,7,n100w8,4625,1,0
2015-05-26 Tue 21:01:05,0,n120w4,3225,1,0
2015-05-26 Tue 21:01:06,1,n120w4,3165,1,0
2015-05-26 Tue 21:01:08,2,n120w4,3350,1,0
2015-05-26 Tue 21:01:11,3,n120w4,3340,1,0
2015-05-26 Tue 21:01:14,4,n120w4,3370,1,0
2015-05-26 Tue 21:01:17,5,n120w4,3440,1,0
2015-05-26 Tue 21:01:20,6,n120w4,3335,1,0
2015-05-26 Tue 21:01:23,7,n120w4,3265,1,0
2015-05-26 Tue 21:41:56,0,n080w8,6415,1,0
2015-05-26 Tue 21:41:57,1,n080w8,6300,1,0
2015-05-26 Tue 21:42:00,2,n080w8,6180,1,0
2015-05-26 Tue 21:42:03,3,n080w8,6245,1,0
2015-05-26 Tue 21:42:06,4,n080w8,6200,1,0
2015-05-26 Tue 21:42:09,5,n080w8,6210,1,0
2015-05-26 Tue 21:42:12,6,n080w8,6200,1,0
2015-05-26 Tue 21:42:15,7,n080w8,6375,1,0
2015-05-26 Tue 22:39:34,0,n100w4,2685,1,0
2015-05-26 Tue 22:39:35,1,n100w4,2715,1,0
2015-05-26 Tue 22:39:37,2,n100w4,2600,1,0
2015-05-26 Tue 22:39:40,3,n100w4,2620,1,0
2015-05-26 Tue 22:39:43,4,n100w4,2795,1,0
2015-05-26 Tue 22:39:46,5,n100w4,2745,1,0
2015-05-26 Tue 22:39:49,6,n100w4,2795,1,0
2015-05-26 Tue 22:39:52,7,n100w4,2720,1,0
2015-05-26 Tue 23:11:40,0,n060w8,4405,1,0
2015-05-26 Tue 23:11:41,1,n060w8,4405,1,0
2015-05-26 Tue 23:11:43,2,n060w8,4600,1,0
2015-05-26 Tue 23:11:46,3,n060w8,4185,1,0
2015-05-26 Tue 23:11:49,4,n060w8,4570,1,0
2015-05-26 Tue 23:11:52,5,n060w8,4750,1,0
2015-05-26 Tue 23:11:55,6,n060w8,4685,1,0
2015-05-26 Tue 23:11:58,7,n060w8,4665,1,0
2015-05-26 Tue 23:51:45,0,n080w4,4155,1,0
2015-05-26 Tue 23:51:46,1,n080w4,4250,1,0
2015-05-26 Tue 23:51:49,2,n080w4,4125,1,0
2015-05-26 Tue 23:51:52,3,n080w4,4240,1,0
2015-05-26 Tue 23:51:55,4,n080w4,4130,1,0
2015-05-26 Tue 23:51:58,5,n080w4,4185,1,0
2015-05-26 Tue 23:52:01,6,n080w4,4260,1,0
2015-05-26 Tue 23:52:04,7,n080w4,4180,1,0
2015-05-27 Wed 00:16:11,0,n050w8,6680,1,0
2015-05-27 Wed 00:16:12,1,n050w8,6925,1,0
2015-05-27 Wed 00:16:15,2,n050w8,6980,1,0
2015-05-27 Wed 00:16:18,3,n050w8,6885,1,0
2015-05-27 Wed 00:16:21,4,n050w8,6840,1,0
2015-05-27 Wed 00:16:24,5,n050w8,7100,1,0
2015-05-27 Wed 00:16:27,6,n050w8,6965,1,0
2015-05-27 Wed 00:16:30,7,n050w8,6940,1,0
2015-05-27 Wed 00:46:26,0,n060w4,3375,1,0
2015-05-27 Wed 00:46:26,1,n060w4,3420,1,0
2015-05-27 Wed 00:46:29,2,n060w4,3470,1,0
2015-05-27 Wed 00:46:32,3,n060w4,3505,1,0
2015-05-27 Wed 00:46:35,4,n060w4,3375,1,0
2015-05-27 Wed 00:46:38,5,n060w4,3450,1,0
2015-05-27 Wed 00:46:41,6,n060w4,3345,1,0
2015-05-27 Wed 00:46:44,7,n060w4,3405,1,0
2015-05-27 Wed 01:03:11,0,n040w8,3665,1,0
2015-05-27 Wed 01:03:12,1,n040w8,3735,1,0
2015-05-27 Wed 01:03:15,2,n040w8,3785,1,0
2015-05-27 Wed 01:03:18,3,n040w8,3830,1,0
2015-05-27 Wed 01:03:21,4,n040w8,3915,1,0
2015-05-27 Wed 01:03:24,5,n040w8,3730,1,0
2015-05-27 Wed 01:03:27,6,n040w8,3735,1,0
2015-05-27 Wed 01:03:30,7,n040w8,3650,1,0
2015-05-27 Wed 01:24:40,0,n050w4,1785,1,0
2015-05-27 Wed 01:24:41,1,n050w4,1855,1,0
2015-05-27 Wed 01:24:44,2,n050w4,1970,1,0
2015-05-27 Wed 01:24:46,3,n050w4,1900,1,0
2015-05-27 Wed 01:24:50,4,n050w4,1855,1,0
2015-05-27 Wed 01:24:53,5,n050w4,1840,1,0
2015-05-27 Wed 01:24:55,6,n050w4,1820,1,0
2015-05-27 Wed 01:24:59,7,n050w4,1985,1,0
2015-05-27 Wed 01:37:03,0,n030w8,2640,1,0
2015-05-27 Wed 01:37:04,1,n030w8,2730,1,0
2015-05-27 Wed 01:37:07,2,n030w8,2810,1,0
2015-05-27 Wed 01:37:09,3,n030w8,2765,1,0
2015-05-27 Wed 01:37:12,4,n030w8,2665,1,0
2015-05-27 Wed 01:37:15,5,n030w8,2775,1,0
2015-05-27 Wed 01:37:18,6,n030w8,2765,1,0
2015-05-27 Wed 01:37:21,7,n030w8,2610,1,0
2015-05-27 Wed 01:49:46,0,n040w4,2230,1,0
2015-05-27 Wed 01:49:47,1,n040w4,2195,1,0
2015-05-27 Wed 01:49:49,2,n040w4,2290,1,0
2015-05-27 Wed 01:49:52,3,n040w4,2190,1,0
2015-05-27 Wed 01:49:55,4,n040w4,2190,1,0
2015-05-27 Wed 01:49:58,5,n040w4,2185,1,0
2015-05-27 Wed 01:50:01,6,n040w4,2140,1,0
2015-05-27 Wed 01:50:04,7,n040w4,2170,1,0
2015-05-27 Wed 01:58:52,0,n030w4,2275,1,0
2015-05-27 Wed 01:58:52,1,n030w4,2180,1,0
2015-05-27 Wed 01:58:55,2,n030w4,2275,1,0
2015-05-27 Wed 01:58:58,3,n030w4,2280,1,0
2015-05-27 Wed 01:59:01,4,n030w4,2195,1,0
2015-05-27 Wed 01:59:04,5,n030w4,2200,1,0
2015-05-27 Wed 01:59:07,6,n030w4,2260,1,0
2015-05-27 Wed 01:59:10,7,n030w4,2265,1,0
2015-05-27 Wed 02:14:32,0,n120w8,5650,1,0
2015-05-27 Wed 02:14:32,1,n120w8,5760,1,0
2015-05-27 Wed 02:14:35,2,n120w8,5975,1,0
2015-05-27 Wed 02:14:38,3,n120w8,5735,1,0
2015-05-27 Wed 02:14:41,4,n120w8,5795,1,0
2015-05-27 Wed 02:14:44,5,n120w8,5805,1,0
2015-05-27 Wed 02:14:47,6,n120w8,5755,1,0
2015-05-27 Wed 02:14:50,7,n120w8,5310,1,0
2015-05-27 Wed 03:42:49,0,n100w8,4695,1,0
2015-05-27 Wed 03:42:50,1,n100w8,4885,1,0
2015-05-27 Wed 03:42:53,2,n100w8,4590,1,0
2015-05-27 Wed 03:42:56,3,n100w8,4515,1,0
2015-05-27 Wed 03:42:59,4,n100w8,4770,1,0
2015-05-27 Wed 03:43:02,5,n100w8,4960,1,0
2015-05-27 Wed 03:43:05,6,n100w8,4730,1,0
2015-05-27 Wed 03:43:08,7,n100w8,4650,1,0
2015-05-27 Wed 04:57:58,0,n120w4,3420,1,0
2015-05-27 Wed 04:57:59,1,n120w4,3325,1,0
2015-05-27 Wed 04:58:02,2,n120w4,3320,1,0
2015-05-27 Wed 04:58:05,3,n120w4,3455,1,0
2015-05-27 Wed 04:58:08,4,n120w4,3270,1,0
2015-05-27 Wed 04:58:11,5,n120w4,3340,1,0
2015-05-27 Wed 04:58:14,6,n120w4,3225,1,0
2015-05-27 Wed 04:58:17,7,n120w4,3435,1,0
2015-05-27 Wed 05:38:50,0,n080w8,6465,1,0
2015-05-27 Wed 05:38:51,1,n080w8,6525,1,0
2015-05-27 Wed 05:38:53,2,n080w8,6040,1,0
2015-05-27 Wed 05:38:56,3,n080w8,6405,1,0
2015-05-27 Wed 05:38:59,4,n080w8,6430,1,0
2015-05-27 Wed 05:39:02,5,n080w8,6395,1,0
2015-05-27 Wed 05:39:05,6,n080w8,6185,1,0
2015-05-27 Wed 05:39:08,7,n080w8,6215,1,0
2015-05-27 Wed 06:36:27,0,n100w4,2625,1,0
2015-05-27 Wed 06:36:28,1,n100w4,2790,1,0
2015-05-27 Wed 06:36:31,2,n100w4,2765,1,0
2015-05-27 Wed 06:36:34,3,n100w4,2710,1,0
2015-05-27 Wed 06:36:37,4,n100w4,2725,1,0
2015-05-27 Wed 06:36:40,5,n100w4,2670,1,0
2015-05-27 Wed 06:36:43,6,n100w4,2750,1,0
2015-05-27 Wed 06:36:46,7,n100w4,2630,1,0
2015-05-27 Wed 07:08:33,0,n060w8,4605,1,0
2015-05-27 Wed 07:08:34,1,n060w8,4740,1,0
2015-05-27 Wed 07:08:37,2,n060w8,4535,1,0
2015-05-27 Wed 07:08:39,3,n060w8,4775,1,0
2015-05-27 Wed 07:08:42,4,n060w8,4710,1,0
2015-05-27 Wed 07:08:45,5,n060w8,4280,1,0
2015-05-27 Wed 07:08:48,6,n060w8,4585,1,0
2015-05-27 Wed 07:08:51,7,n060w8,4580,1,0
2015-05-27 Wed 07:48:39,0,n080w4,4090,1,0
2015-05-27 Wed 07:48:40,1,n080w4,4275,1,0
2015-05-27 Wed 07:48:42,2,n080w4,4195,1,0
2015-05-27 Wed 07:48:45,3,n080w4,4230,1,0
2015-05-27 Wed 07:48:48,4,n080w4,4130,1,0
2015-05-27 Wed 07:48:51,5,n080w4,4305,1,0
2015-05-27 Wed 07:48:54,6,n080w4,4155,1,0
2015-05-27 Wed 07:48:57,7,n080w4,4215,1,0
2015-05-27 Wed 08:13:05,0,n050w8,6920,1,0
2015-05-27 Wed 08:13:05,1,n050w8,6985,1,0
2015-05-27 Wed 08:13:08,2,n050w8,7065,1,0
2015-05-27 Wed 08:13:11,3,n050w8,6920,1,0
2015-05-27 Wed 08:13:14,4,n050w8,7145,1,0
2015-05-27 Wed 08:13:17,5,n050w8,7070,1,0
2015-05-27 Wed 08:13:20,6,n050w8,7075,1,0
2015-05-27 Wed 08:13:23,7,n050w8,6915,1,0
2015-05-27 Wed 08:43:19,0,n060w4,3405,1,0
2015-05-27 Wed 08:43:20,1,n060w4,3345,1,0
2015-05-27 Wed 08:43:23,2,n060w4,3430,1,0
2015-05-27 Wed 08:43:25,3,n060w4,3340,1,0
2015-05-27 Wed 08:43:28,4,n060w4,3440,1,0
2015-05-27 Wed 08:43:31,5,n060w4,3510,1,0
2015-05-27 Wed 08:43:34,6,n060w4,3335,1,0
2015-05-27 Wed 08:43:37,7,n060w4,3415,1,0
2015-05-27 Wed 09:00:05,0,n040w8,3720,1,0
2015-05-27 Wed 09:00:06,1,n040w8,3780,1,0
2015-05-27 Wed 09:00:08,2,n040w8,3710,1,0
2015-05-27 Wed 09:00:11,3,n040w8,3795,1,0
2015-05-27 Wed 09:00:14,4,n040w8,3990,1,0
2015-05-27 Wed 09:00:17,5,n040w8,3810,1,0
2015-05-27 Wed 09:00:20,6,n040w8,3905,1,0
2015-05-27 Wed 09:00:23,7,n040w8,3775,1,0
2015-05-27 Wed 09:21:34,0,n050w4,2050,1,0
2015-05-27 Wed 09:21:34,1,n050w4,1995,1,0
2015-05-27 Wed 09:21:37,2,n050w4,2020,1,0
2015-05-27 Wed 09:21:40,3,n050w4,1930,1,0
2015-05-27 Wed 09:21:43,4,n050w4,1870,1,0
2015-05-27 Wed 09:21:46,5,n050w4,1980,1,0
2015-05-27 Wed 09:21:49,6,n050w4,1935,1,0
2015-05-27 Wed 09:21:52,7,n050w4,2015,1,0
2015-05-27 Wed 09:33:57,0,n030w8,2805,1,0
2015-05-27 Wed 09:33:57,1,n030w8,2620,1,0
2015-05-27 Wed 09:34:00,2,n030w8,2745,1,0
2015-05-27 Wed 09:34:03,3,n030w8,2700,1,0
2015-05-27 Wed 09:34:06,4,n030w8,2780,1,0
2015-05-27 Wed 09:34:09,5,n030w8,2755,1,0
2015-05-27 Wed 09:34:12,6,n030w8,2745,1,0
2015-05-27 Wed 09:34:15,7,n030w8,2720,1,0
2015-05-27 Wed 09:46:40,0,n040w4,2185,1,0
2015-05-27 Wed 09:46:40,1,n040w4,2225,1,0
2015-05-27 Wed 09:46:43,2,n040w4,2140,1,0
2015-05-27 Wed 09:46:45,3,n040w4,2160,1,0
2015-05-27 Wed 09:46:49,4,n040w4,2180,1,0
2015-05-27 Wed 09:46:52,5,n040w4,2200,1,0
2015-05-27 Wed 09:46:55,6,n040w4,2260,1,0
2015-05-27 Wed 09:46:58,7,n040w4,2235,1,0
2015-05-27 Wed 09:55:45,0,n030w4,2220,1,0
2015-05-27 Wed 09:55:46,1,n030w4,2220,1,0
2015-05-27 Wed 09:55:48,2,n030w4,2270,1,0
2015-05-27 Wed 09:55:51,3,n030w4,2210,1,0
2015-05-27 Wed 09:55:54,4,n030w4,2235,1,0
2015-05-27 Wed 09:55:57,5,n030w4,2235,1,0
2015-05-27 Wed 09:56:00,6,n030w4,2170,1,0
2015-05-27 Wed 09:56:03,7,n030w4,2280,1,0
2015-05-27 Wed 10:11:25,0,n120w8,5785,1,0
2015-05-27 Wed 10:11:26,1,n120w8,5835,1,0
2015-05-27 Wed 10:11:29,2,n120w8,5635,1,0
2015-05-27 Wed 10:11:31,3,n120w8,6030,1,0
2015-05-27 Wed 10:11:34,4,n120w8,6150,1,0
2015-05-27 Wed 10:11:37,5,n120w8,5630,1,0
2015-05-27 Wed 10:11:40,6,n120w8,5640,1,0
2015-05-27 Wed 10:11:43,7,n120w8,5680,1,0
2015-05-27 Wed 11:39:43,0,n100w8,4565,1,0
2015-05-27 Wed 11:39:44,1,n100w8,4780,1,0
2015-05-27 Wed 11:39:46,2,n100w8,4665,1,0
2015-05-27 Wed 11:39:49,3,n100w8,4660,1,0
2015-05-27 Wed 11:39:52,4,n100w8,4740,1,0
2015-05-27 Wed 11:39:55,5,n100w8,4610,1,0
2015-05-27 Wed 11:39:58,6,n100w8,4600,1,0
2015-05-27 Wed 11:40:01,7,n100w8,4745,1,0
2015-05-27 Wed 12:54:52,0,n120w4,3405,1,0
2015-05-27 Wed 12:54:53,1,n120w4,3330,1,0
2015-05-27 Wed 12:54:55,2,n120w4,3375,1,0
2015-05-27 Wed 12:54:58,3,n120w4,3210,1,0
2015-05-27 Wed 12:55:01,4,n120w4,3295,1,0
2015-05-27 Wed 12:55:04,5,n120w4,3235,1,0
2015-05-27 Wed 12:55:07,6,n120w4,3240,1,0
2015-05-27 Wed 12:55:10,7,n120w4,3175,1,0
2015-05-27 Wed 13:35:44,0,n080w8,6200,1,0
2015-05-27 Wed 13:35:44,1,n080w8,6295,1,0
2015-05-27 Wed 13:35:47,2,n080w8,6280,1,0
2015-05-27 Wed 13:35:49,3,n080w8,6450,1,0
2015-05-27 Wed 13:35:53,4,n080w8,6360,1,0
2015-05-27 Wed 13:35:55,5,n080w8,6270,1,0
2015-05-27 Wed 13:35:58,6,n080w8,6195,1,0
2015-05-27 Wed 13:36:02,7,n080w8,6510,1,0
2015-05-27 Wed 14:33:21,0,n100w4,2760,1,0
2015-05-27 Wed 14:33:22,1,n100w4,2615,1,0
2015-05-27 Wed 14:33:24,2,n100w4,2620,1,0
2015-05-27 Wed 14:33:27,3,n100w4,2620,1,0
2015-05-27 Wed 14:33:30,4,n100w4,2665,1,0
2015-05-27 Wed 14:33:33,5,n100w4,2675,1,0
2015-05-27 Wed 14:33:36,6,n100w4,2515,1,0
2015-05-27 Wed 14:33:39,7,n100w4,2910,1,0
2015-05-27 Wed 15:05:27,0,n060w8,4480,1,0
2015-05-27 Wed 15:05:27,1,n060w8,4540,1,0
2015-05-27 Wed 15:05:30,2,n060w8,4475,1,0
2015-05-27 Wed 15:05:33,3,n060w8,4520,1,0
2015-05-27 Wed 15:05:36,4,n060w8,4690,1,0
2015-05-27 Wed 15:05:39,5,n060w8,4530,1,0
2015-05-27 Wed 15:05:42,6,n060w8,4440,1,0
2015-05-27 Wed 15:05:45,7,n060w8,4460,1,0
2015-05-27 Wed 15:45:33,0,n080w4,4115,1,0
2015-05-27 Wed 15:45:33,1,n080w4,4170,1,0
2015-05-27 Wed 15:45:36,2,n080w4,4190,1,0
2015-05-27 Wed 15:45:38,3,n080w4,4120,1,0
2015-05-27 Wed 15:45:42,4,n080w4,4230,1,0
2015-05-27 Wed 15:45:45,5,n080w4,4065,1,0
2015-05-27 Wed 15:45:47,6,n080w4,4280,1,0
2015-05-27 Wed 15:45:51,7,n080w4,4150,1,0
2015-05-27 Wed 16:09:59,0,n050w8,7075,1,0
2015-05-27 Wed 16:09:59,1,n050w8,6880,1,0
2015-05-27 Wed 16:10:02,2,n050w8,7100,1,0
2015-05-27 Wed 16:10:04,3,n050w8,6915,1,0
2015-05-27 Wed 16:10:07,4,n050w8,7055,1,0
2015-05-27 Wed 16:10:10,5,n050w8,6940,1,0
2015-05-27 Wed 16:10:13,6,n050w8,6895,1,0
2015-05-27 Wed 16:10:16,7,n050w8,6895,1,0
2015-05-27 Wed 16:40:13,0,n060w4,3525,1,0
2015-05-27 Wed 16:40:13,1,n060w4,3475,1,0
2015-05-27 Wed 16:40:16,2,n060w4,3325,1,0
2015-05-27 Wed 16:40:19,3,n060w4,3335,1,0
2015-05-27 Wed 16:40:22,4,n060w4,3520,1,0
2015-05-27 Wed 16:40:25,5,n060w4,3490,1,0
2015-05-27 Wed 16:40:28,6,n060w4,3440,1,0
2015-05-27 Wed 16:40:31,7,n060w4,3355,1,0
2015-05-27 Wed 16:56:59,0,n040w8,3720,1,0
2015-05-27 Wed 16:56:59,1,n040w8,3665,1,0
2015-05-27 Wed 16:57:02,2,n040w8,3770,1,0
2015-05-27 Wed 16:57:04,3,n040w8,3665,1,0
2015-05-27 Wed 16:57:07,4,n040w8,3945,1,0
2015-05-27 Wed 16:57:10,5,n040w8,3710,1,0
2015-05-27 Wed 16:57:13,6,n040w8,3975,1,0
2015-05-27 Wed 16:57:16,7,n040w8,3810,1,0
2015-05-27 Wed 17:18:27,0,n050w4,1895,1,0
2015-05-27 Wed 17:18:28,1,n050w4,1910,1,0
2015-05-27 Wed 17:18:30,2,n050w4,1835,1,0
2015-05-27 Wed 17:18:33,3,n050w4,1915,1,0
2015-05-27 Wed 17:18:36,4,n050w4,1940,1,0
2015-05-27 Wed 17:18:39,5,n050w4,1890,1,0
2015-05-27 Wed 17:18:42,6,n050w4,1865,1,0
2015-05-27 Wed 17:18:45,7,n050w4,1885,1,0
2015-05-27 Wed 17:30:50,0,n030w8,2770,1,0
2015-05-27 Wed 17:30:51,1,n030w8,2885,1,0
2015-05-27 Wed 17:30:53,2,n030w8,2735,1,0
2015-05-27 Wed 17:30:56,3,n030w8,2775,1,0
2015-05-27 Wed 17:30:59,4,n030w8,2825,1,0
2015-05-27 Wed 17:31:02,5,n030w8,2725,1,0
2015-05-27 Wed 17:31:05,6,n030w8,2690,1,0
2015-05-27 Wed 17:31:08,7,n030w8,2845,1,0
2015-05-27 Wed 17:43:33,0,n040w4,2190,1,0
2015-05-27 Wed 17:43:34,1,n040w4,2230,1,0
2015-05-27 Wed 17:43:36,2,n040w4,2215,1,0
2015-05-27 Wed 17:43:39,3,n040w4,2200,1,0
2015-05-27 Wed 17:43:42,4,n040w4,2190,1,0
2015-05-27 Wed 17:43:45,5,n040w4,2220,1,0
2015-05-27 Wed 17:43:48,6,n040w4,2205,1,0
2015-05-27 Wed 17:43:51,7,n040w4,2225,1,0
2015-05-27 Wed 17:52:39,0,n030w4,2135,1,0
2015-05-27 Wed 17:52:39,1,n030w4,2270,1,0
2015-05-27 Wed 17:52:42,2,n030w4,2240,1,0
2015-05-27 Wed 17:52:44,3,n030w4,2255,1,0
2015-05-27 Wed 17:52:48,4,n030w4,2135,1,0
2015-05-27 Wed 17:52:51,5,n030w4,2255,1,0
2015-05-27 Wed 17:52:53,6,n030w4,2310,1,0
2015-05-27 Wed 17:52:57,7,n030w4,2280,1,0
2015-05-27 Wed 18:08:19,0,n120w8,5760,1,0
2015-05-27 Wed 18:08:19,1,n120w8,5855,1,0
2015-05-27 Wed 18:08:22,2,n120w8,5780,1,0
2015-05-27 Wed 18:08:25,3,n120w8,5575,1,0
2015-05-27 Wed 18:08:28,4,n120w8,5620,1,0
2015-05-27 Wed 18:08:31,5,n120w8,5985,1,0
2015-05-27 Wed 18:08:34,6,n120w8,5745,1,0
2015-05-27 Wed 18:08:37,7,n120w8,5600,1,0
2015-05-27 Wed 19:36:37,0,n100w8,4455,1,0
2015-05-27 Wed 19:36:37,1,n100w8,4840,1,0
2015-05-27 Wed 19:36:40,2,n100w8,4790,1,0
2015-05-27 Wed 19:36:42,3,n100w8,4835,1,0
2015-05-27 Wed 19:36:45,4,n100w8,4705,1,0
2015-05-27 Wed 19:36:48,5,n100w8,4535,1,0
2015-05-27 Wed 19:36:51,6,n100w8,4830,1,0
2015-05-27 Wed 19:36:54,7,n100w8,4570,1,0
2015-05-27 Wed 20:51:45,0,n120w4,3330,1,0
2015-05-27 Wed 20:51:46,1,n120w4,3195,1,0
2015-05-27 Wed 20:51:48,2,n120w4,3290,1,0
2015-05-27 Wed 20:51:51,3,n120w4,3295,1,0
2015-05-27 Wed 20:51:54,4,n120w4,3320,1,0
2015-05-27 Wed 20:51:57,5,n120w4,3405,1,0
2015-05-27 Wed 20:52:00,6,n120w4,3345,1,0
2015-05-27 Wed 20:52:03,7,n120w4,3195,1,0
2015-05-27 Wed 21:32:37,0,n080w8,6060,1,0
2015-05-27 Wed 21:32:38,1,n080w8,6120,1,0
2015-05-27 Wed 21:32:40,2,n080w8,6215,1,0
2015-05-27 Wed 21:32:43,3,n080w8,6270,1,0
2015-05-27 Wed 21:32:46,4,n080w8,6365,1,0
2015-05-27 Wed 21:32:49,5,n080w8,6240,1,0
2015-05-27 Wed 21:32:52,6,n080w8,6280,1,0
2015-05-27 Wed 21:32:55,7,n080w8,6295,1,0
2015-05-27 Wed 22:30:15,0,n100w4,2650,1,0
2015-05-27 Wed 22:30:15,1,n100w4,2675,1,0
2015-05-27 Wed 22:30:17,2,n100w4,2755,1,0
2015-05-27 Wed 22:30:20,3,n100w4,2725,1,0
2015-05-27 Wed 22:30:23,4,n100w4,2675,1,0
2015-05-27 Wed 22:30:26,5,n100w4,2590,1,0
2015-05-27 Wed 22:30:29,6,n100w4,2740,1,0
2015-05-27 Wed 22:30:32,7,n100w4,2745,1,0
2015-05-27 Wed 23:02:20,0,n060w8,4595,1,0
2015-05-27 Wed 23:02:21,1,n060w8,4630,1,0
2015-05-27 Wed 23:02:23,2,n060w8,4520,1,0
2015-05-27 Wed 23:02:26,3,n060w8,4605,1,0
2015-05-27 Wed 23:02:29,4,n060w8,4560,1,0
2015-05-27 Wed 23:02:32,5,n060w8,4735,1,0
2015-05-27 Wed 23:02:35,6,n060w8,4515,1,0
2015-05-27 Wed 23:02:38,7,n060w8,4715,1,0
2015-05-27 Wed 23:42:26,0,n080w4,4155,1,0
2015-05-27 Wed 23:42:27,1,n080w4,4265,1,0
2015-05-27 Wed 23:42:29,2,n080w4,4305,1,0
2015-05-27 Wed 23:42:32,3,n080w4,4265,1,0
2015-05-27 Wed 23:42:35,4,n080w4,3995,1,0
2015-05-27 Wed 23:42:38,5,n080w4,4385,1,0
2015-05-27 Wed 23:42:41,6,n080w4,4150,1,0
2015-05-27 Wed 23:42:44,7,n080w4,4295,1,0
2015-05-28 Thu 00:06:52,0,n050w8,6975,1,0
2015-05-28 Thu 00:06:53,1,n050w8,6870,1,0
2015-05-28 Thu 00:06:55,2,n050w8,7070,1,0
2015-05-28 Thu 00:06:57,3,n050w8,7050,1,0
2015-05-28 Thu 00:07:01,4,n050w8,6845,1,0
2015-05-28 Thu 00:07:04,5,n050w8,6695,1,0
2015-05-28 Thu 00:07:07,6,n050w8,6980,1,0
2015-05-28 Thu 00:07:10,7,n050w8,6890,1,0
2015-05-28 Thu 00:37:06,0,n060w4,3460,1,0
2015-05-28 Thu 00:37:07,1,n060w4,3445,1,0
2015-05-28 Thu 00:37:09,2,n060w4,3490,1,0
2015-05-28 Thu 00:37:12,3,n060w4,3395,1,0
2015-05-28 Thu 00:37:15,4,n060w4,3480,1,0
2015-05-28 Thu 00:37:18,5,n060w4,3485,1,0
2015-05-28 Thu 00:37:21,6,n060w4,3415,1,0
2015-05-28 Thu 00:37:24,7,n060w4,3500,1,0
2015-05-28 Thu 00:53:52,0,n040w8,3740,1,0
2015-05-28 Thu 00:53:53,1,n040w8,3825,1,0
2015-05-28 Thu 00:53:55,2,n040w8,3685,1,0
2015-05-28 Thu 00:53:58,3,n040w8,3810,1,0
2015-05-28 Thu 00:54:01,4,n040w8,3610,1,0
2015-05-28 Thu 00:54:04,5,n040w8,3705,1,0
2015-05-28 Thu 00:54:07,6,n040w8,3740,1,0
2015-05-28 Thu 00:54:10,7,n040w8,3960,1,0
2015-05-28 Thu 01:15:21,0,n050w4,1970,1,0
2015-05-28 Thu 01:15:21,1,n050w4,1800,1,0
2015-05-28 Thu 01:15:24,2,n050w4,1995,1,0
2015-05-28 Thu 01:15:26,3,n050w4,2030,1,0
2015-05-28 Thu 01:15:29,4,n050w4,1990,1,0
2015-05-28 Thu 01:15:32,5,n050w4,1915,1,0
2015-05-28 Thu 01:15:35,6,n050w4,1950,1,0
2015-05-28 Thu 01:15:38,7,n050w4,2035,1,0
2015-05-28 Thu 01:27:44,0,n030w8,2860,1,0
2015-05-28 Thu 01:27:44,1,n030w8,2830,1,0
2015-05-28 Thu 01:27:46,2,n030w8,2735,1,0
2015-05-28 Thu 01:27:49,3,n030w8,2795,1,0
2015-05-28 Thu 01:27:52,4,n030w8,2635,1,0
2015-05-28 Thu 01:27:55,5,n030w8,2785,1,0
2015-05-28 Thu 01:27:58,6,n030w8,2855,1,0
2015-05-28 Thu 01:28:01,7,n030w8,2860,1,0
2015-05-28 Thu 01:40:27,0,n040w4,2190,1,0
2015-05-28 Thu 01:40:27,1,n040w4,2245,1,0
2015-05-28 Thu 01:40:29,2,n040w4,2160,1,0
2015-05-28 Thu 01:40:32,3,n040w4,2210,1,0
2015-05-28 Thu 01:40:35,4,n040w4,2275,1,0
2015-05-28 Thu 01:40:38,5,n040w4,2220,1,0
2015-05-28 Thu 01:40:41,6,n040w4,2185,1,0
2015-05-28 Thu 01:40:44,7,n040w4,2270,1,0
2015-05-28 Thu 01:49:32,0,n030w4,2190,1,0
2015-05-28 Thu 01:49:33,1,n030w4,2310,1,0
2015-05-28 Thu 01:49:35,2,n030w4,2230,1,0
2015-05-28 Thu 01:49:38,3,n030w4,2285,1,0
2015-05-28 Thu 01:49:41,4,n030w4,2230,1,0
2015-05-28 Thu 01:49:44,5,n030w4,2175,1,0
2015-05-28 Thu 01:49:47,6,n030w4,2275,1,0
2015-05-28 Thu 01:49:50,7,n030w4,2195,1,0
2015-05-28 Thu 02:05:12,0,n120w8,5880,1,0
2015-05-28 Thu 02:05:13,1,n120w8,6030,1,0
2015-05-28 Thu 02:05:15,2,n120w8,6040,1,0
2015-05-28 Thu 02:05:18,3,n120w8,5595,1,0
2015-05-28 Thu 02:05:21,4,n120w8,5795,1,0
2015-05-28 Thu 02:05:24,5,n120w8,5650,1,0
2015-05-28 Thu 02:05:27,6,n120w8,5805,1,0
2015-05-28 Thu 02:05:30,7,n120w8,6030,1,0
2015-05-28 Thu 03:33:30,0,n100w8,4725,1,0
2015-05-28 Thu 03:33:31,1,n100w8,4685,1,0
2015-05-28 Thu 03:33:33,2,n100w8,4845,1,0
2015-05-28 Thu 03:33:35,3,n100w8,4520,1,0
2015-05-28 Thu 03:33:39,4,n100w8,4745,1,0
2015-05-28 Thu 03:33:41,5,n100w8,4605,1,0
2015-05-28 Thu 03:33:44,6,n100w8,4715,1,0
2015-05-28 Thu 03:33:48,7,n100w8,4725,1,0
2015-05-28 Thu 04:48:39,0,n120w4,3340,1,0
2015-05-28 Thu 04:48:39,1,n120w4,3255,1,0
2015-05-28 Thu 04:48:42,2,n120w4,3260,1,0
2015-05-28 Thu 04:48:44,3,n120w4,3360,1,0
2015-05-28 Thu 04:48:47,4,n120w4,3240,1,0
2015-05-28 Thu 04:48:50,5,n120w4,3355,1,0
2015-05-28 Thu 04:48:53,6,n120w4,3395,1,0
2015-05-28 Thu 04:48:57,7,n120w4,3345,1,0
2015-05-28 Thu 05:29:31,0,n080w8,6190,1,0
2015-05-28 Thu 05:29:31,1,n080w8,6420,1,0
2015-05-28 Thu 05:29:33,2,n080w8,6450,1,0
2015-05-28 Thu 05:29:36,3,n080w8,6445,1,0
2015-05-28 Thu 05:29:39,4,n080w8,6665,1,0
2015-05-28 Thu 05:29:42,5,n080w8,6140,1,0
2015-05-28 Thu 05:29:45,6,n080w8,6010,1,0
2015-05-28 Thu 05:29:48,7,n080w8,6310,1,0
2015-05-28 Thu 06:27:08,0,n100w4,2645,1,0
2015-05-28 Thu 06:27:09,1,n100w4,2770,1,0
2015-05-28 Thu 06:27:11,2,n100w4,2645,1,0
2015-05-28 Thu 06:27:13,3,n100w4,2790,1,0
2015-05-28 Thu 06:27:16,4,n100w4,2880,1,0
2015-05-28 Thu 06:27:19,5,n100w4,2685,1,0
2015-05-28 Thu 06:27:22,6,n100w4,2595,1,0
2015-05-28 Thu 06:27:26,7,n100w4,2660,1,0
2015-05-28 Thu 06:59:14,0,n060w8,4500,1,0
2015-05-28 Thu 06:59:14,1,n060w8,4530,1,0
2015-05-28 Thu 06:59:16,2,n060w8,4400,1,0
2015-05-28 Thu 06:59:19,3,n060w8,4700,1,0
2015-05-28 Thu 06:59:22,4,n060w8,4710,1,0
2015-05-28 Thu 06:59:25,5,n060w8,4610,1,0
2015-05-28 Thu 06:59:28,6,n060w8,4770,1,0
2015-05-28 Thu 06:59:31,7,n060w8,4560,1,0
2015-05-28 Thu 07:39:20,0,n080w4,4200,1,0
2015-05-28 Thu 07:39:20,1,n080w4,4160,1,0
2015-05-28 Thu 07:39:22,2,n080w4,4245,1,0
2015-05-28 Thu 07:39:25,3,n080w4,4270,1,0
2015-05-28 Thu 07:39:28,4,n080w4,4200,1,0
2015-05-28 Thu 07:39:31,5,n080w4,4050,1,0
2015-05-28 Thu 07:39:34,6,n080w4,4140,1,0
2015-05-28 Thu 07:39:37,7,n080w4,4065,1,0
2015-05-28 Thu 08:03:46,0,n050w8,6680,1,0
2015-05-28 Thu 08:03:46,1,n050w8,6905,1,0
2015-05-28 Thu 08:03:48,2,n050w8,7190,1,0
2015-05-28 Thu 08:03:51,3,n050w8,6860,1,0
2015-05-28 Thu 08:03:54,4,n050w8,6990,1,0
2015-05-28 Thu 08:03:57,5,n050w8,7015,1,0
2015-05-28 Thu 08:04:00,6,n050w8,6770,1,0
2015-05-28 Thu 08:04:03,7,n050w8,6965,1,0
2015-05-28 Thu 08:34:00,0,n060w4,3465,1,0
2015-05-28 Thu 08:34:00,1,n060w4,3495,1,0
2015-05-28 Thu 08:34:02,2,n060w4,3395,1,0
2015-05-28 Thu 08:34:05,3,n060w4,3460,1,0
2015-05-28 Thu 08:34:08,4,n060w4,3350,1,0
2015-05-28 Thu 08:34:11,5,n060w4,3415,1,0
2015-05-28 Thu 08:34:14,6,n060w4,3465,1,0
2015-05-28 Thu 08:34:17,7,n060w4,3390,1,0
2015-05-28 Thu 08:50:46,0,n040w8,3965,1,0
2015-05-28 Thu 08:50:46,1,n040w8,3760,1,0
2015-05-28 Thu 08:50:48,2,n040w8,3735,1,0
2015-05-28 Thu 08:50:51,3,n040w8,3730,1,0
2015-05-28 Thu 08:50:54,4,n040w8,3630,1,0
2015-05-28 Thu 08:50:57,5,n040w8,3760,1,0
2015-05-28 Thu 08:51:00,6,n040w8,3625,1,0
2015-05-28 Thu 08:51:03,7,n040w8,3805,1,0
2015-05-28 Thu 09:12:14,0,n050w4,1915,1,0
2015-05-28 Thu 09:12:15,1,n050w4,1910,1,0
2015-05-28 Thu 09:12:17,2,n050w4,1975,1,0
2015-05-28 Thu 09:12:19,3,n050w4,2085,1,0
2015-05-28 Thu 09:12:23,4,n050w4,1935,1,0
2015-05-28 Thu 09:12:26,5,n050w4,1905,1,0
2015-05-28 Thu 09:12:28,6,n050w4,1925,1,0
2015-05-28 Thu 09:12:32,7,n050w4,1975,1,0
2015-05-28 Thu 09:24:37,0,n030w8,2730,1,0
2015-05-28 Thu 09:24:38,1,n030w8,2805,1,0
2015-05-28 Thu 09:24:40,2,n030w8,2630,1,0
2015-05-28 Thu 09:24:42,3,n030w8,2690,1,0
2015-05-28 Thu 09:24:45,4,n030w8,2745,1,0
2015-05-28 Thu 09:24:48,5,n030w8,2680,1,0
2015-05-28 Thu 09:24:51,6,n030w8,2700,1,0
2015-05-28 Thu 09:24:55,7,n030w8,2625,1,0
2015-05-28 Thu 09:37:20,0,n040w4,2290,1,0
2015-05-28 Thu 09:37:21,1,n040w4,2165,1,0
2015-05-28 Thu 09:37:23,2,n040w4,2200,1,0
2015-05-28 Thu 09:37:25,3,n040w4,2140,1,0
2015-05-28 Thu 09:37:28,4,n040w4,2215,1,0
2015-05-28 Thu 09:37:31,5,n040w4,2270,1,0
2015-05-28 Thu 09:37:34,6,n040w4,2200,1,0
2015-05-28 Thu 09:37:37,7,n040w4,2195,1,0
2015-05-28 Thu 09:46:26,0,n030w4,2265,1,0
2015-05-28 Thu 09:46:26,1,n030w4,2240,1,0
2015-05-28 Thu 09:46:28,2,n030w4,2280,1,0
2015-05-28 Thu 09:46:31,3,n030w4,2270,1,0
2015-05-28 Thu 09:46:34,4,n030w4,2275,1,0
2015-05-28 Thu 09:46:37,5,n030w4,2200,1,0
2015-05-28 Thu 09:46:40,6,n030w4,2280,1,0
2015-05-28 Thu 09:46:43,7,n030w4,2210,1,0
2015-05-28 Thu 10:02:06,0,n120w8,5530,1,0
2015-05-28 Thu 10:02:06,1,n120w8,5760,1,0
2015-05-28 Thu 10:02:08,2,n120w8,5870,1,0
2015-05-28 Thu 10:02:11,3,n120w8,5850,1,0
2015-05-28 Thu 10:02:14,4,n120w8,5730,1,0
2015-05-28 Thu 10:02:17,5,n120w8,5780,1,0
2015-05-28 Thu 10:02:20,6,n120w8,5640,1,0
2015-05-28 Thu 10:02:23,7,n120w8,5650,1,0
2015-05-28 Thu 11:30:24,0,n100w8,4610,1,0
2015-05-28 Thu 11:30:24,1,n100w8,4885,1,0
2015-05-28 Thu 11:30:26,2,n100w8,4520,1,0
2015-05-28 Thu 11:30:29,3,n100w8,4525,1,0
2015-05-28 Thu 11:30:32,4,n100w8,4635,1,0
2015-05-28 Thu 11:30:35,5,n100w8,4865,1,0
2015-05-28 Thu 11:30:38,6,n100w8,4500,1,0
2015-05-28 Thu 11:30:41,7,n100w8,4585,1,0
2015-05-28 Thu 12:45:33,0,n120w4,3310,1,0
2015-05-28 Thu 12:45:33,1,n120w4,3240,1,0
2015-05-28 Thu 12:45:35,2,n120w4,3155,1,0
2015-05-28 Thu 12:45:37,3,n120w4,3235,1,0
2015-05-28 Thu 12:45:41,4,n120w4,3270,1,0
2015-05-28 Thu 12:45:44,5,n120w4,3325,1,0
2015-05-28 Thu 12:45:46,6,n120w4,3315,1,0
2015-05-28 Thu 12:45:50,7,n120w4,3255,1,0
2015-05-28 Thu 13:26:24,0,n080w8,6275,1,0
2015-05-28 Thu 13:26:25,1,n080w8,6040,1,0
2015-05-28 Thu 13:26:27,2,n080w8,6110,1,0
2015-05-28 Thu 13:26:29,3,n080w8,6165,1,0
2015-05-28 Thu 13:26:32,4,n080w8,6355,1,0
2015-05-28 Thu 13:26:35,5,n080w8,6145,1,0
2015-05-28 Thu 13:26:38,6,n080w8,6180,1,0
2015-05-28 Thu 13:26:41,7,n080w8,6125,1,0
2015-05-28 Thu 14:24:02,0,n100w4,2775,1,0
2015-05-28 Thu 14:24:02,1,n100w4,2620,1,0
2015-05-28 Thu 14:24:04,2,n100w4,2810,1,0
2015-05-28 Thu 14:24:06,3,n100w4,2670,1,0
2015-05-28 Thu 14:24:10,4,n100w4,2720,1,0
2015-05-28 Thu 14:24:13,5,n100w4,2650,1,0
2015-05-28 Thu 14:24:16,6,n100w4,2780,1,0
2015-05-28 Thu 14:24:19,7,n100w4,2685,1,0
2015-05-28 Thu 14:56:07,0,n060w8,4755,1,0
2015-05-28 Thu 14:56:08,1,n060w8,4645,1,0
2015-05-28 Thu 14:56:10,2,n060w8,4745,1,0
2015-05-28 Thu 14:56:12,3,n060w8,4885,1,0
2015-05-28 Thu 14:56:15,4,n060w8,4705,1,0
2015-05-28 Thu 14:56:18,5,n060w8,4585,1,0
2015-05-28 Thu 14:56:21,6,n060w8,4735,1,0
2015-05-28 Thu 14:56:25,7,n060w8,4530,1,0
2015-05-28 Thu 15:36:13,0,n080w4,4255,1,0
2015-05-28 Thu 15:36:14,1,n080w4,4320,1,0
2015-05-28 Thu 15:36:16,2,n080w4,4225,1,0
2015-05-28 Thu 15:36:18,3,n080w4,4155,1,0
2015-05-28 Thu 15:36:21,4,n080w4,4340,1,0
2015-05-28 Thu 15:36:24,5,n080w4,4260,1,0
2015-05-28 Thu 15:36:27,6,n080w4,4300,1,0
2015-05-28 Thu 15:36:30,7,n080w4,4135,1,0
2015-05-28 Thu 16:00:39,0,n050w8,6740,1,0
2015-05-28 Thu 16:00:39,1,n050w8,7010,1,0
2015-05-28 Thu 16:00:41,2,n050w8,7025,1,0
2015-05-28 Thu 16:00:44,3,n050w8,6700,1,0
2015-05-28 Thu 16:00:47,4,n050w8,7005,1,0
2015-05-28 Thu 16:00:50,5,n050w8,6830,1,0
2015-05-28 Thu 16:00:53,6,n050w8,6910,1,0
2015-05-28 Thu 16:00:56,7,n050w8,7210,1,0
2015-05-28 Thu 16:30:53,0,n060w4,3425,1,0
2015-05-28 Thu 16:30:54,1,n060w4,3535,1,0
2015-05-28 Thu 16:30:56,2,n060w4,3365,1,0
2015-05-28 Thu 16:30:58,3,n060w4,3490,1,0
2015-05-28 Thu 16:31:01,4,n060w4,3240,1,0
2015-05-28 Thu 16:31:04,5,n060w4,3465,1,0
2015-05-28 Thu 16:31:07,6,n060w4,3455,1,0
2015-05-28 Thu 16:31:11,7,n060w4,3315,1,0
2015-05-28 Thu 16:47:39,0,n040w8,3855,1,0
2015-05-28 Thu 16:47:40,1,n040w8,3720,1,0
2015-05-28 Thu 16:47:41,2,n040w8,3690,1,0
2015-05-28 Thu 16:47:44,3,n040w8,3855,1,0
2015-05-28 Thu 16:47:47,4,n040w8,3860,1,0
2015-05-28 Thu 16:47:50,5,n040w8,3785,1,0
2015-05-28 Thu 16:47:53,6,n040w8,3680,1,0
2015-05-28 Thu 16:47:56,7,n040w8,3805,1,0
2015-05-28 Thu 17:09:08,0,n050w4,1935,1,0
2015-05-28 Thu 17:09:08,1,n050w4,1925,1,0
2015-05-28 Thu 17:09:10,2,n050w4,1935,1,0
2015-05-28 Thu 17:09:13,3,n050w4,1935,1,0
2015-05-28 Thu 17:09:16,4,n050w4,1825,1,0
2015-05-28 Thu 17:09:19,5,n050w4,1980,1,0
2015-05-28 Thu 17:09:22,6,n050w4,2065,1,0
2015-05-28 Thu 17:09:25,7,n050w4,1885,1,0
2015-05-28 Thu 17:21:31,0,n030w8,2775,1,0
2015-05-28 Thu 17:21:31,1,n030w8,2760,1,0
2015-05-28 Thu 17:21:33,2,n030w8,2630,1,0
2015-05-28 Thu 17:21:36,3,n030w8,2705,1,0
2015-05-28 Thu 17:21:39,4,n030w8,2780,1,0
2015-05-28 Thu 17:21:42,5,n030w8,2710,1,0
2015-05-28 Thu 17:21:45,6,n030w8,2775,1,0
2015-05-28 Thu 17:21:48,7,n030w8,2830,1,0
2015-05-28 Thu 17:34:14,0,n040w4,2170,1,0
2015-05-28 Thu 17:34:14,1,n040w4,2210,1,0
2015-05-28 Thu 17:34:16,2,n040w4,2130,1,0
2015-05-28 Thu 17:34:18,3,n040w4,2185,1,0
2015-05-28 Thu 17:34:22,4,n040w4,2220,1,0
2015-05-28 Thu 17:34:25,5,n040w4,2170,1,0
2015-05-28 Thu 17:34:27,6,n040w4,2215,1,0
2015-05-28 Thu 17:34:31,7,n040w4,2195,1,0
2015-05-28 Thu 17:43:19,0,n030w4,2235,1,0
2015-05-28 Thu 17:43:20,1,n030w4,2175,1,0
2015-05-28 Thu 17:43:22,2,n030w4,2255,1,0
2015-05-28 Thu 17:43:24,3,n030w4,2305,1,0
2015-05-28 Thu 17:43:27,4,n030w4,2255,1,0
2015-05-28 Thu 17:43:30,5,n030w4,2265,1,0
2015-05-28 Thu 17:43:33,6,n030w4,2245,1,0
2015-05-28 Thu 17:43:36,7,n030w4,2195,1,0
2015-05-28 Thu 17:59:00,0,n120w8,5465,1,0
2015-05-28 Thu 17:59:00,1,n120w8,5815,1,0
2015-05-28 Thu 17:59:02,2,n120w8,5965,1,0
2015-05-28 Thu 17:59:04,3,n120w8,6045,1,0
2015-05-28 Thu 17:59:07,4,n120w8,5430,1,0
2015-05-28 Thu 17:59:10,5,n120w8,5635,1,0
2015-05-28 Thu 17:59:13,6,n120w8,5600,1,0
2015-05-28 Thu 17:59:17,7,n120w8,5580,1,0
2015-05-28 Thu 19:27:17,0,n100w8,4590,1,0
2015-05-28 Thu 19:27:17,1,n100w8,4800,1,0
2015-05-28 Thu 19:27:19,2,n100w8,4635,1,0
2015-05-28 Thu 19:27:22,3,n100w8,4625,1,0
2015-05-28 Thu 19:27:25,4,n100w8,4700,1,0
2015-05-28 Thu 19:27:28,5,n100w8,4810,1,0
2015-05-28 Thu 19:27:31,6,n100w8,4635,1,0
2015-05-28 Thu 19:27:34,7,n100w8,4810,1,0
2015-05-28 Thu 20:42:26,0,n120w4,3250,1,0
2015-05-28 Thu 20:42:26,1,n120w4,3330,1,0
2015-05-28 Thu 20:42:28,2,n120w4,3205,1,0
2015-05-28 Thu 20:42:31,3,n120w4,3345,1,0
2015-05-28 Thu 20:42:34,4,n120w4,3335,1,0
2015-05-28 Thu 20:42:37,5,n120w4,3285,1,0
2015-05-28 Thu 20:42:40,6,n120w4,3135,1,0
2015-05-28 Thu 20:42:43,7,n120w4,3385,1,0
2015-05-28 Thu 21:23:18,0,n080w8,6355,1,0
2015-05-28 Thu 21:23:18,1,n080w8,6595,1,0
2015-05-28 Thu 21:23:20,2,n080w8,6395,1,0
2015-05-28 Thu 21:23:22,3,n080w8,6380,1,0
2015-05-28 Thu 21:23:26,4,n080w8,6265,1,0
2015-05-28 Thu 21:23:29,5,n080w8,6305,1,0
2015-05-28 Thu 21:23:31,6,n080w8,6065,1,0
2015-05-28 Thu 21:23:35,7,n080w8,6400,1,0
2015-05-28 Thu 22:20:55,0,n100w4,2725,1,0
2015-05-28 Thu 22:20:55,1,n100w4,2620,1,0
2015-05-28 Thu 22:20:57,2,n100w4,2635,1,0
2015-05-28 Thu 22:21:00,3,n100w4,2725,1,0
2015-05-28 Thu 22:21:03,4,n100w4,2685,1,0
2015-05-28 Thu 22:21:06,5,n100w4,2660,1,0
2015-05-28 Thu 22:21:09,6,n100w4,2440,1,0
2015-05-28 Thu 22:21:12,7,n100w4,2665,1,0
2015-05-28 Thu 22:53:01,0,n060w8,4775,1,0
2015-05-28 Thu 22:53:01,1,n060w8,4585,1,0
2015-05-28 Thu 22:53:03,2,n060w8,5020,1,0
2015-05-28 Thu 22:53:06,3,n060w8,4655,1,0
2015-05-28 Thu 22:53:09,4,n060w8,4570,1,0
2015-05-28 Thu 22:53:12,5,n060w8,4615,1,0
2015-05-28 Thu 22:53:15,6,n060w8,4545,1,0
2015-05-28 Thu 22:53:18,7,n060w8,4250,1,0
2015-05-28 Thu 23:33:07,0,n080w4,4005,1,0
2015-05-28 Thu 23:33:07,1,n080w4,4200,1,0
2015-05-28 Thu 23:33:09,2,n080w4,4115,1,0
2015-05-28 Thu 23:33:11,3,n080w4,4255,1,0
2015-05-28 Thu 23:33:15,4,n080w4,4380,1,0
2015-05-28 Thu 23:33:18,5,n080w4,4270,1,0
2015-05-28 Thu 23:33:20,6,n080w4,4360,1,0
2015-05-28 Thu 23:33:24,7,n080w4,4345,1,0
2015-05-28 Thu 23:57:33,0,n050w8,6690,1,0
2015-05-28 Thu 23:57:33,1,n050w8,7040,1,0
2015-05-28 Thu 23:57:35,2,n050w8,6920,1,0
2015-05-28 Thu 23:57:37,3,n050w8,7200,1,0
2015-05-28 Thu 23:57:40,4,n050w8,6920,1,0
2015-05-28 Thu 23:57:43,5,n050w8,6890,1,0
2015-05-28 Thu 23:57:46,6,n050w8,6875,1,0
2015-05-28 Thu 23:57:49,7,n050w8,6975,1,0
2015-05-29 Fri 09:19:10,0,n120w8,5675,1,0
2015-05-29 Fri 09:19:13,1,n120w8,5710,1,0
2015-05-29 Fri 09:19:16,2,n120w8,5585,1,0
2015-05-29 Fri 09:19:19,3,n120w8,5895,1,0
2015-05-29 Fri 09:19:22,4,n120w8,5635,1,0
2015-05-29 Fri 09:19:25,5,n120w8,5955,1,0
2015-05-29 Fri 09:19:28,6,n120w8,5895,1,0
2015-05-29 Fri 09:19:31,7,n120w8,5675,1,0
2015-05-29 Fri 10:47:53,0,n100w8,4335,1,0
2015-05-29 Fri 10:47:56,1,n100w8,4815,1,0
2015-05-29 Fri 10:47:59,2,n100w8,4600,1,0
2015-05-29 Fri 10:48:02,3,n100w8,4605,1,0
2015-05-29 Fri 10:48:05,4,n100w8,4610,1,0
2015-05-29 Fri 10:48:08,5,n100w8,4865,1,0
2015-05-29 Fri 10:48:11,6,n100w8,4605,1,0
2015-05-29 Fri 10:48:14,7,n100w8,4655,1,0
2015-05-29 Fri 12:03:24,0,n120w4,3245,1,0
2015-05-29 Fri 12:03:27,1,n120w4,3325,1,0
2015-05-29 Fri 12:03:30,2,n120w4,3205,1,0
2015-05-29 Fri 12:03:33,3,n120w4,3220,1,0
2015-05-29 Fri 12:03:36,4,n120w4,3415,1,0
2015-05-29 Fri 12:03:39,5,n120w4,3100,1,0
2015-05-29 Fri 12:03:42,6,n120w4,3325,1,0
2015-05-29 Fri 12:03:45,7,n120w4,3165,1,0
2015-05-29 Fri 12:44:27,0,n080w8,6315,1,0
2015-05-29 Fri 12:44:30,1,n080w8,6280,1,0
2015-05-29 Fri 12:44:33,2,n080w8,6455,1,0
2015-05-29 Fri 12:44:36,3,n080w8,6005,1,0
2015-05-29 Fri 12:44:39,4,n080w8,6485,1,0
2015-05-29 Fri 12:44:42,5,n080w8,6305,1,0
2015-05-29 Fri 12:44:45,6,n080w8,6305,1,0
2015-05-29 Fri 12:44:48,7,n080w8,6310,1,0
2015-05-29 Fri 13:42:21,0,n100w4,2730,1,0
2015-05-29 Fri 13:42:24,1,n100w4,2670,1,0
2015-05-29 Fri 13:42:27,2,n100w4,2710,1,0
2015-05-29 Fri 13:42:30,3,n100w4,2735,1,0
2015-05-29 Fri 13:42:33,4,n100w4,2700,1,0
2015-05-29 Fri 13:42:36,5,n100w4,2765,1,0
2015-05-29 Fri 13:42:39,6,n100w4,2705,1,0
2015-05-29 Fri 13:42:42,7,n100w4,2685,1,0
2015-05-29 Fri 14:14:36,0,n060w8,4525,1,0
2015-05-29 Fri 14:14:39,1,n060w8,4405,1,0
2015-05-29 Fri 14:14:42,2,n060w8,4360,1,0
2015-05-29 Fri 14:14:45,3,n060w8,4660,1,0
2015-05-29 Fri 14:14:48,4,n060w8,4775,1,0
2015-05-29 Fri 14:14:51,5,n060w8,4510,1,0
2015-05-29 Fri 14:14:54,6,n060w8,4795,1,0
2015-05-29 Fri 14:14:57,7,n060w8,4660,1,0
2015-05-29 Fri 14:54:53,0,n080w4,4135,1,0
2015-05-29 Fri 14:54:56,1,n080w4,4165,1,0
2015-05-29 Fri 14:54:59,2,n080w4,4015,1,0
2015-05-29 Fri 14:55:02,3,n080w4,4345,1,0
2015-05-29 Fri 14:55:05,4,n080w4,4180,1,0
2015-05-29 Fri 14:55:08,5,n080w4,4160,1,0
2015-05-29 Fri 14:55:11,6,n080w4,4185,1,0
2015-05-29 Fri 14:55:14,7,n080w4,4075,1,0
2015-05-29 Fri 15:19:26,0,n050w8,6970,1,0
2015-05-29 Fri 15:19:29,1,n050w8,6920,1,0
2015-05-29 Fri 15:19:32,2,n050w8,7005,1,0
2015-05-29 Fri 15:19:35,3,n050w8,7090,1,0
2015-05-29 Fri 15:19:38,4,n050w8,6930,1,0
2015-05-29 Fri 15:19:41,5,n050w8,6800,1,0
2015-05-29 Fri 15:19:44,6,n050w8,6770,1,0
2015-05-29 Fri 15:19:47,7,n050w8,6915,1,0
2015-05-29 Fri 15:49:49,0,n060w4,3380,1,0
2015-05-29 Fri 15:49:52,1,n060w4,3370,1,0
2015-05-29 Fri 15:49:55,2,n060w4,3390,1,0
2015-05-29 Fri 15:49:58,3,n060w4,3530,1,0
2015-05-29 Fri 15:50:01,4,n060w4,3440,1,0
2015-05-29 Fri 15:50:04,5,n060w4,3370,1,0
2015-05-29 Fri 15:50:07,6,n060w4,3380,1,0
2015-05-29 Fri 15:50:10,7,n060w4,3400,1,0
2015-05-29 Fri 16:06:40,0,n040w8,3760,1,0
2015-05-29 Fri 16:06:43,1,n040w8,3660,1,0
2015-05-29 Fri 16:06:45,2,n040w8,3540,1,0
2015-05-29 Fri 16:06:48,3,n040w8,3590,1,0
2015-05-29 Fri 16:06:51,4,n040w8,3715,1,0
2015-05-29 Fri 16:06:54,5,n040w8,3900,1,0
2015-05-29 Fri 16:06:57,6,n040w8,3575,1,0
2015-05-29 Fri 16:07:00,7,n040w8,3535,1,0
2015-05-29 Fri 16:28:15,0,n050w4,1975,1,0
2015-05-29 Fri 16:28:18,1,n050w4,2060,1,0
2015-05-29 Fri 16:28:20,2,n050w4,2020,1,0
2015-05-29 Fri 16:28:23,3,n050w4,1970,1,0
2015-05-29 Fri 16:28:26,4,n050w4,1975,1,0
2015-05-29 Fri 16:28:29,5,n050w4,2050,1,0
2015-05-29 Fri 16:28:32,6,n050w4,1915,1,0
2015-05-29 Fri 16:28:35,7,n050w4,1935,1,0
2015-05-29 Fri 16:40:42,0,n030w8,2725,1,0
2015-05-29 Fri 16:40:44,1,n030w8,2685,1,0
2015-05-29 Fri 16:40:46,2,n030w8,2585,1,0
2015-05-29 Fri 16:40:49,3,n030w8,2770,1,0
2015-05-29 Fri 16:40:52,4,n030w8,2735,1,0
2015-05-29 Fri 16:40:55,5,n030w8,2735,1,0
2015-05-29 Fri 16:40:58,6,n030w8,2685,1,0
2015-05-29 Fri 16:41:01,7,n030w8,2850,1,0
2015-05-29 Fri 16:53:28,0,n040w4,2150,1,0
2015-05-29 Fri 16:53:31,1,n040w4,2165,1,0
2015-05-29 Fri 16:53:33,2,n040w4,2200,1,0
2015-05-29 Fri 16:53:36,3,n040w4,2190,1,0
2015-05-29 Fri 16:53:39,4,n040w4,2225,1,0
2015-05-29 Fri 16:53:42,5,n040w4,2215,1,0
2015-05-29 Fri 16:53:45,6,n040w4,2215,1,0
2015-05-29 Fri 16:53:48,7,n040w4,2220,1,0
2015-05-29 Fri 17:02:37,0,n030w4,2215,1,0
2015-05-29 Fri 17:02:39,1,n030w4,2255,1,0
2015-05-29 Fri 17:02:41,2,n030w4,2220,1,0
2015-05-29 Fri 17:02:44,3,n030w4,2250,1,0
2015-05-29 Fri 17:02:47,4,n030w4,2195,1,0
2015-05-29 Fri 17:02:50,5,n030w4,2245,1,0
2015-05-29 Fri 17:02:53,6,n030w4,2245,1,0
2015-05-29 Fri 17:02:56,7,n030w4,2265,1,0
2015-05-29 Fri 17:18:21,0,n120w8,5860,1,0
2015-05-29 Fri 17:18:23,1,n120w8,5840,1,0
2015-05-29 Fri 17:18:26,2,n120w8,5835,1,0
2015-05-29 Fri 17:18:29,3,n120w8,5950,1,0
2015-05-29 Fri 17:18:32,4,n120w8,5825,1,0
2015-05-29 Fri 17:18:35,5,n120w8,5565,1,0
2015-05-29 Fri 17:18:38,6,n120w8,6190,1,0
2015-05-29 Fri 17:18:41,7,n120w8,5630,1,0
2015-05-29 Fri 18:47:04,0,n100w8,4735,1,0
2015-05-29 Fri 18:47:06,1,n100w8,4595,1,0
2015-05-29 Fri 18:47:09,2,n100w8,4655,1,0
2015-05-29 Fri 18:47:11,3,n100w8,4970,1,0
2015-05-29 Fri 18:47:14,4,n100w8,4780,1,0
2015-05-29 Fri 18:47:17,5,n100w8,4695,1,0
2015-05-29 Fri 18:47:20,6,n100w8,4565,1,0
2015-05-29 Fri 18:47:23,7,n100w8,4945,1,0
2015-05-29 Fri 20:02:35,0,n120w4,3160,1,0
2015-05-29 Fri 20:02:37,1,n120w4,3200,1,0
2015-05-29 Fri 20:02:39,2,n120w4,3270,1,0
2015-05-29 Fri 20:02:42,3,n120w4,3305,1,0
2015-05-29 Fri 20:02:45,4,n120w4,3145,1,0
2015-05-29 Fri 20:02:48,5,n120w4,3375,1,0
2015-05-29 Fri 20:02:51,6,n120w4,3425,1,0
2015-05-29 Fri 20:02:54,7,n120w4,3340,1,0
2015-05-29 Fri 20:43:38,0,n080w8,6320,1,0
2015-05-29 Fri 20:43:40,1,n080w8,6315,1,0
2015-05-29 Fri 20:43:42,2,n080w8,6180,1,0
2015-05-29 Fri 20:43:45,3,n080w8,6555,1,0
2015-05-29 Fri 20:43:48,4,n080w8,6270,1,0
2015-05-29 Fri 20:43:51,5,n080w8,6440,1,0
2015-05-29 Fri 20:43:54,6,n080w8,6090,1,0
2015-05-29 Fri 20:43:57,7,n080w8,6460,1,0
2015-05-29 Fri 21:41:32,0,n100w4,2810,1,0
2015-05-29 Fri 21:41:34,1,n100w4,2730,1,0
2015-05-29 Fri 21:41:36,2,n100w4,2690,1,0
2015-05-29 Fri 21:41:39,3,n100w4,2810,1,0
2015-05-29 Fri 21:41:42,4,n100w4,2745,1,0
2015-05-29 Fri 21:41:45,5,n100w4,2755,1,0
2015-05-29 Fri 21:41:48,6,n100w4,2745,1,0
2015-05-29 Fri 21:41:51,7,n100w4,2760,1,0
2015-05-29 Fri 22:13:47,0,n060w8,4710,1,0
2015-05-29 Fri 22:13:49,1,n060w8,4460,1,0
2015-05-29 Fri 22:13:51,2,n060w8,4670,1,0
2015-05-29 Fri 22:13:54,3,n060w8,4700,1,0
2015-05-29 Fri 22:13:57,4,n060w8,4670,1,0
2015-05-29 Fri 22:14:00,5,n060w8,4725,1,0
2015-05-29 Fri 22:14:03,6,n060w8,4635,1,0
2015-05-29 Fri 22:14:06,7,n060w8,4595,1,0
2015-05-29 Fri 22:54:04,0,n080w4,4200,1,0
2015-05-29 Fri 22:54:06,1,n080w4,4110,1,0
2015-05-29 Fri 22:54:08,2,n080w4,4315,1,0
2015-05-29 Fri 22:54:11,3,n080w4,4515,1,0
2015-05-29 Fri 22:54:14,4,n080w4,4275,1,0
2015-05-29 Fri 22:54:17,5,n080w4,4225,1,0
2015-05-29 Fri 22:54:20,6,n080w4,4250,1,0
2015-05-29 Fri 22:54:23,7,n080w4,4230,1,0
2015-05-29 Fri 23:18:37,0,n050w8,6700,1,0
2015-05-29 Fri 23:18:39,1,n050w8,6895,1,0
2015-05-29 Fri 23:18:41,2,n050w8,7195,1,0
2015-05-29 Fri 23:18:44,3,n050w8,7155,1,0
2015-05-29 Fri 23:18:47,4,n050w8,7020,1,0
2015-05-29 Fri 23:18:50,5,n050w8,7200,1,0
2015-05-29 Fri 23:18:53,6,n050w8,6950,1,0
2015-05-29 Fri 23:18:56,7,n050w8,6785,1,0
2015-05-29 Fri 23:49:00,0,n060w4,3365,1,0
2015-05-29 Fri 23:49:02,1,n060w4,3435,1,0
2015-05-29 Fri 23:49:04,2,n060w4,3490,1,0
2015-05-29 Fri 23:49:07,3,n060w4,3430,1,0
2015-05-29 Fri 23:49:10,4,n060w4,3360,1,0
2015-05-29 Fri 23:49:13,5,n060w4,3435,1,0
2015-05-29 Fri 23:49:16,6,n060w4,3470,1,0
2015-05-29 Fri 23:49:19,7,n060w4,3305,1,0
2015-05-30 Sat 00:05:50,0,n040w8,3770,1,0
2015-05-30 Sat 00:05:53,1,n040w8,3955,1,0
2015-05-30 Sat 00:05:54,2,n040w8,3870,1,0
2015-05-30 Sat 00:05:58,3,n040w8,3700,1,0
2015-05-30 Sat 00:06:00,4,n040w8,3785,1,0
2015-05-30 Sat 00:06:03,5,n040w8,3845,1,0
2015-05-30 Sat 00:06:06,6,n040w8,3865,1,0
2015-05-30 Sat 00:06:09,7,n040w8,3665,1,0
2015-05-30 Sat 00:27:25,0,n050w4,1940,1,0
2015-05-30 Sat 00:27:27,1,n050w4,2035,1,0
2015-05-30 Sat 00:27:29,2,n050w4,1950,1,0
2015-05-30 Sat 00:27:32,3,n050w4,1985,1,0
2015-05-30 Sat 00:27:35,4,n050w4,1960,1,0
2015-05-30 Sat 00:27:38,5,n050w4,2035,1,0
2015-05-30 Sat 00:27:41,6,n050w4,1885,1,0
2015-05-30 Sat 00:27:44,7,n050w4,1925,1,0
2015-05-30 Sat 00:39:52,0,n030w8,2820,1,0
2015-05-30 Sat 00:39:54,1,n030w8,2800,1,0
2015-05-30 Sat 00:39:56,2,n030w8,2650,1,0
2015-05-30 Sat 00:39:59,3,n030w8,2740,1,0
2015-05-30 Sat 00:40:01,4,n030w8,2655,1,0
2015-05-30 Sat 00:40:04,5,n030w8,2740,1,0
2015-05-30 Sat 00:40:07,6,n030w8,2720,1,0
2015-05-30 Sat 00:40:10,7,n030w8,2805,1,0
2015-05-30 Sat 00:52:38,0,n040w4,2080,1,0
2015-05-30 Sat 00:52:40,1,n040w4,2230,1,0
2015-05-30 Sat 00:52:42,2,n040w4,2205,1,0
2015-05-30 Sat 00:52:45,3,n040w4,2215,1,0
2015-05-30 Sat 00:52:48,4,n040w4,2190,1,0
2015-05-30 Sat 00:52:51,5,n040w4,2250,1,0
2015-05-30 Sat 00:52:54,6,n040w4,2225,1,0
2015-05-30 Sat 00:52:57,7,n040w4,2125,1,0
2015-05-30 Sat 01:01:46,0,n030w4,2260,1,0
2015-05-30 Sat 01:01:48,1,n030w4,2230,1,0
2015-05-30 Sat 01:01:50,2,n030w4,2250,1,0
2015-05-30 Sat 01:01:54,3,n030w4,2325,1,0
2015-05-30 Sat 01:01:56,4,n030w4,2245,1,0
2015-05-30 Sat 01:01:59,5,n030w4,2175,1,0
2015-05-30 Sat 01:02:02,6,n030w4,2215,1,0
2015-05-30 Sat 01:02:05,7,n030w4,2235,1,0
2015-05-30 Sat 01:17:31,0,n120w8,5710,1,0
2015-05-30 Sat 01:17:33,1,n120w8,6055,1,0
2015-05-30 Sat 01:17:35,2,n120w8,5640,1,0
2015-05-30 Sat 01:17:38,3,n120w8,5610,1,0
2015-05-30 Sat 01:17:41,4,n120w8,5520,1,0
2015-05-30 Sat 01:17:44,5,n120w8,6070,1,0
2015-05-30 Sat 01:17:47,6,n120w8,5825,1,0
2015-05-30 Sat 01:17:50,7,n120w8,5935,1,0
2015-05-30 Sat 02:46:14,0,n100w8,4730,1,0
2015-05-30 Sat 02:46:16,1,n100w8,4675,1,0
2015-05-30 Sat 02:46:18,2,n100w8,4640,1,0
2015-05-30 Sat 02:46:21,3,n100w8,5050,1,0
2015-05-30 Sat 02:46:24,4,n100w8,4705,1,0
2015-05-30 Sat 02:46:26,5,n100w8,4530,1,0
2015-05-30 Sat 02:46:29,6,n100w8,4685,1,0
2015-05-30 Sat 02:46:32,7,n100w8,4440,1,0
2015-05-30 Sat 04:01:44,0,n120w4,3460,1,0
2015-05-30 Sat 04:01:46,1,n120w4,3290,1,0
2015-05-30 Sat 04:01:48,2,n120w4,3360,1,0
2015-05-30 Sat 04:01:51,3,n120w4,3290,1,0
2015-05-30 Sat 04:01:54,4,n120w4,3455,1,0
2015-05-30 Sat 04:01:57,5,n120w4,3305,1,0
2015-05-30 Sat 04:02:00,6,n120w4,3280,1,0
2015-05-30 Sat 04:02:03,7,n120w4,3425,1,0
2015-05-30 Sat 04:42:47,0,n080w8,6360,1,0
2015-05-30 Sat 04:42:49,1,n080w8,6620,1,0
2015-05-30 Sat 04:42:51,2,n080w8,6065,1,0
2015-05-30 Sat 04:42:54,3,n080w8,6265,1,0
2015-05-30 Sat 04:42:57,4,n080w8,6335,1,0
2015-05-30 Sat 04:43:00,5,n080w8,6600,1,0
2015-05-30 Sat 04:43:03,6,n080w8,6540,1,0
2015-05-30 Sat 04:43:06,7,n080w8,6395,1,0
2015-05-30 Sat 05:40:41,0,n100w4,2700,1,0
2015-05-30 Sat 05:40:43,1,n100w4,2535,1,0
2015-05-30 Sat 05:40:45,2,n100w4,2865,1,0
2015-05-30 Sat 05:40:48,3,n100w4,2745,1,0
2015-05-30 Sat 05:40:51,4,n100w4,2690,1,0
2015-05-30 Sat 05:40:54,5,n100w4,2480,1,0
2015-05-30 Sat 05:40:57,6,n100w4,2785,1,0
2015-05-30 Sat 05:41:00,7,n100w4,2665,1,0
2015-05-30 Sat 06:12:56,0,n060w8,4675,1,0
2015-05-30 Sat 06:12:58,1,n060w8,4455,1,0
2015-05-30 Sat 06:13:00,2,n060w8,4650,1,0
2015-05-30 Sat 06:13:03,3,n060w8,4605,1,0
2015-05-30 Sat 06:13:06,4,n060w8,4700,1,0
2015-05-30 Sat 06:13:09,5,n060w8,4515,1,0
2015-05-30 Sat 06:13:12,6,n060w8,4450,1,0
2015-05-30 Sat 06:13:15,7,n060w8,4450,1,0
2015-05-30 Sat 06:53:13,0,n080w4,4070,1,0
2015-05-30 Sat 06:53:15,1,n080w4,4185,1,0
2015-05-30 Sat 06:53:17,2,n080w4,4030,1,0
2015-05-30 Sat 06:53:21,3,n080w4,4170,1,0
2015-05-30 Sat 06:53:23,4,n080w4,4065,1,0
2015-05-30 Sat 06:53:26,5,n080w4,4030,1,0
2015-05-30 Sat 06:53:29,6,n080w4,4295,1,0
2015-05-30 Sat 06:53:32,7,n080w4,4175,1,0
2015-05-30 Sat 07:17:47,0,n050w8,7075,1,0
2015-05-30 Sat 07:17:48,1,n050w8,6875,1,0
2015-05-30 Sat 07:17:50,2,n050w8,6985,1,0
2015-05-30 Sat 07:17:53,3,n050w8,7025,1,0
2015-05-30 Sat 07:17:56,4,n050w8,7140,1,0
2015-05-30 Sat 07:17:59,5,n050w8,6730,1,0
2015-05-30 Sat 07:18:02,6,n050w8,7070,1,0
2015-05-30 Sat 07:18:05,7,n050w8,6955,1,0
2015-05-30 Sat 07:48:10,0,n060w4,3520,1,0
2015-05-30 Sat 07:48:11,1,n060w4,3360,1,0
2015-05-30 Sat 07:48:13,2,n060w4,3350,1,0
2015-05-30 Sat 07:48:16,3,n060w4,3415,1,0
2015-05-30 Sat 07:48:19,4,n060w4,3610,1,0
2015-05-30 Sat 07:48:22,5,n060w4,3490,1,0
2015-05-30 Sat 07:48:25,6,n060w4,3470,1,0
2015-05-30 Sat 07:48:28,7,n060w4,3460,1,0
2015-05-30 Sat 08:05:01,0,n040w8,3725,1,0
2015-05-30 Sat 08:05:02,1,n040w8,3755,1,0
2015-05-30 Sat 08:05:03,2,n040w8,3735,1,0
2015-05-30 Sat 08:05:07,3,n040w8,3785,1,0
2015-05-30 Sat 08:05:09,4,n040w8,3895,1,0
2015-05-30 Sat 08:05:13,5,n040w8,3715,1,0
2015-05-30 Sat 08:05:15,6,n040w8,3835,1,0
2015-05-30 Sat 08:05:18,7,n040w8,3785,1,0
2015-05-30 Sat 08:26:36,0,n050w4,1910,1,0
2015-05-30 Sat 08:26:36,1,n050w4,1920,1,0
2015-05-30 Sat 08:26:38,2,n050w4,1950,1,0
2015-05-30 Sat 08:26:42,3,n050w4,1990,1,0
2015-05-30 Sat 08:26:44,4,n050w4,1925,1,0
2015-05-30 Sat 08:26:47,5,n050w4,2015,1,0
2015-05-30 Sat 08:26:50,6,n050w4,1950,1,0
2015-05-30 Sat 08:26:53,7,n050w4,1935,1,0
2015-05-30 Sat 08:39:02,0,n030w8,2680,1,0
2015-05-30 Sat 08:39:03,1,n030w8,2750,1,0
2015-05-30 Sat 08:39:05,2,n030w8,2750,1,0
2015-05-30 Sat 08:39:08,3,n030w8,2735,1,0
2015-05-30 Sat 08:39:11,4,n030w8,2690,1,0
2015-05-30 Sat 08:39:14,5,n030w8,2695,1,0
2015-05-30 Sat 08:39:17,6,n030w8,2715,1,0
2015-05-30 Sat 08:39:19,7,n030w8,2820,1,0
2015-05-30 Sat 08:51:48,0,n040w4,2165,1,0
2015-05-30 Sat 08:51:49,1,n040w4,2175,1,0
2015-05-30 Sat 08:51:51,2,n040w4,2165,1,0
2015-05-30 Sat 08:51:54,3,n040w4,2205,1,0
2015-05-30 Sat 08:51:57,4,n040w4,2130,1,0
2015-05-30 Sat 08:52:00,5,n040w4,2115,1,0
2015-05-30 Sat 08:52:03,6,n040w4,2205,1,0
2015-05-30 Sat 08:52:06,7,n040w4,2175,1,0
2015-05-30 Sat 09:00:57,0,n030w4,2195,1,0
2015-05-30 Sat 09:00:58,1,n030w4,2285,1,0
2015-05-30 Sat 09:00:59,2,n030w4,2255,1,0
2015-05-30 Sat 09:01:03,3,n030w4,2210,1,0
2015-05-30 Sat 09:01:05,4,n030w4,2235,1,0
2015-05-30 Sat 09:01:08,5,n030w4,2225,1,0
2015-05-30 Sat 09:01:11,6,n030w4,2240,1,0
2015-05-30 Sat 09:01:14,7,n030w4,2170,1,0
2015-05-30 Sat 09:16:41,0,n120w8,5615,1,0
2015-05-30 Sat 09:16:42,1,n120w8,5525,1,0
2015-05-30 Sat 09:16:44,2,n120w8,5795,1,0
2015-05-30 Sat 09:16:47,3,n120w8,5975,1,0
2015-05-30 Sat 09:16:50,4,n120w8,5820,1,0
2015-05-30 Sat 09:16:53,5,n120w8,5695,1,0
2015-05-30 Sat 09:16:56,6,n120w8,5565,1,0
2015-05-30 Sat 09:16:59,7,n120w8,5690,1,0
2015-05-30 Sat 10:45:24,0,n100w8,4640,1,0
2015-05-30 Sat 10:45:25,1,n100w8,4555,1,0
2015-05-30 Sat 10:45:27,2,n100w8,4960,1,0
2015-05-30 Sat 10:45:30,3,n100w8,4795,1,0
2015-05-30 Sat 10:45:33,4,n100w8,4650,1,0
2015-05-30 Sat 10:45:36,5,n100w8,4740,1,0
2015-05-30 Sat 10:45:39,6,n100w8,4525,1,0
2015-05-30 Sat 10:45:42,7,n100w8,4830,1,0
2015-05-30 Sat 12:00:54,0,n120w4,3090,1,0
2015-05-30 Sat 12:00:55,1,n120w4,3280,1,0
2015-05-30 Sat 12:00:57,2,n120w4,3300,1,0
2015-05-30 Sat 12:01:00,3,n120w4,3255,1,0
2015-05-30 Sat 12:01:03,4,n120w4,3195,1,0
2015-05-30 Sat 12:01:06,5,n120w4,3220,1,0
2015-05-30 Sat 12:01:09,6,n120w4,3285,1,0
2015-05-30 Sat 12:01:12,7,n120w4,3155,1,0
2015-05-30 Sat 12:41:58,0,n080w8,6490,1,0
2015-05-30 Sat 12:41:58,1,n080w8,6255,1,0
2015-05-30 Sat 12:42:00,2,n080w8,6375,1,0
2015-05-30 Sat 12:42:04,3,n080w8,6345,1,0
2015-05-30 Sat 12:42:06,4,n080w8,6125,1,0
2015-05-30 Sat 12:42:09,5,n080w8,6265,1,0
2015-05-30 Sat 12:42:12,6,n080w8,6100,1,0
2015-05-30 Sat 12:42:15,7,n080w8,6340,1,0
2015-05-30 Sat 13:39:52,0,n100w4,2680,1,0
2015-05-30 Sat 13:39:52,1,n100w4,2560,1,0
2015-05-30 Sat 13:39:54,2,n100w4,2720,1,0
2015-05-30 Sat 13:39:57,3,n100w4,2745,1,0
2015-05-30 Sat 13:40:00,4,n100w4,2750,1,0
2015-05-30 Sat 13:40:03,5,n100w4,2755,1,0
2015-05-30 Sat 13:40:06,6,n100w4,2620,1,0
2015-05-30 Sat 13:40:09,7,n100w4,2685,1,0
2015-05-30 Sat 14:12:07,0,n060w8,4655,1,0
2015-05-30 Sat 14:12:07,1,n060w8,4515,1,0
2015-05-30 Sat 14:12:09,2,n060w8,4295,1,0
2015-05-30 Sat 14:12:12,3,n060w8,4540,1,0
2015-05-30 Sat 14:12:15,4,n060w8,4765,1,0
2015-05-30 Sat 14:12:18,5,n060w8,4535,1,0
2015-05-30 Sat 14:12:21,6,n060w8,4725,1,0
2015-05-30 Sat 14:12:24,7,n060w8,4515,1,0
2015-05-30 Sat 14:52:24,0,n080w4,4185,1,0
2015-05-30 Sat 14:52:24,1,n080w4,4110,1,0
2015-05-30 Sat 14:52:26,2,n080w4,4350,1,0
2015-05-30 Sat 14:52:30,3,n080w4,4205,1,0
2015-05-30 Sat 14:52:32,4,n080w4,4225,1,0
2015-05-30 Sat 14:52:35,5,n080w4,4175,1,0
2015-05-30 Sat 14:52:38,6,n080w4,4380,1,0
2015-05-30 Sat 14:52:41,7,n080w4,4360,1,0
2015-05-30 Sat 15:16:57,0,n050w8,7095,1,0
2015-05-30 Sat 15:16:57,1,n050w8,7085,1,0
2015-05-30 Sat 15:16:59,2,n050w8,6960,1,0
2015-05-30 Sat 15:17:02,3,n050w8,6880,1,0
2015-05-30 Sat 15:17:05,4,n050w8,6775,1,0
2015-05-30 Sat 15:17:08,5,n050w8,7300,1,0
2015-05-30 Sat 15:17:11,6,n050w8,6935,1,0
2015-05-30 Sat 15:17:14,7,n050w8,7200,1,0
2015-05-30 Sat 15:47:20,0,n060w4,3325,1,0
2015-05-30 Sat 15:47:20,1,n060w4,3475,1,0
2015-05-30 Sat 15:47:22,2,n060w4,3555,1,0
2015-05-30 Sat 15:47:25,3,n060w4,3430,1,0
2015-05-30 Sat 15:47:28,4,n060w4,3410,1,0
2015-05-30 Sat 15:47:31,5,n060w4,3525,1,0
2015-05-30 Sat 15:47:36,6,n060w4,3460,1,0
2015-05-30 Sat 15:47:39,7,n060w4,3250,1,0
2015-05-30 Sat 16:04:11,0,n040w8,4080,1,0
2015-05-30 Sat 16:04:11,1,n040w8,3700,1,0
2015-05-30 Sat 16:04:13,2,n040w8,3715,1,0
2015-05-30 Sat 16:04:16,3,n040w8,3890,1,0
2015-05-30 Sat 16:04:19,4,n040w8,3830,1,0
2015-05-30 Sat 16:04:22,5,n040w8,3875,1,0
2015-05-30 Sat 16:04:26,6,n040w8,3765,1,0
2015-05-30 Sat 16:04:30,7,n040w8,3745,1,0
2015-05-30 Sat 16:25:45,0,n050w4,1865,1,0
2015-05-30 Sat 16:25:45,1,n050w4,2000,1,0
2015-05-30 Sat 16:25:47,2,n050w4,1865,1,0
2015-05-30 Sat 16:25:51,3,n050w4,1895,1,0
2015-05-30 Sat 16:25:53,4,n050w4,2000,1,0
2015-05-30 Sat 16:25:56,5,n050w4,1985,1,0
2015-05-30 Sat 16:26:01,6,n050w4,2020,1,0
2015-05-30 Sat 16:26:04,7,n050w4,1980,1,0
2015-05-30 Sat 16:38:12,0,n030w8,2785,1,0
2015-05-30 Sat 16:38:12,1,n030w8,2675,1,0
2015-05-30 Sat 16:38:14,2,n030w8,2810,1,0
2015-05-30 Sat 16:38:17,3,n030w8,2745,1,0
2015-05-30 Sat 16:38:20,4,n030w8,2770,1,0
2015-05-30 Sat 16:38:23,5,n030w8,2885,1,0
2015-05-30 Sat 16:38:28,6,n030w8,2750,1,0
2015-05-30 Sat 16:38:31,7,n030w8,2755,1,0
2015-05-30 Sat 16:50:58,0,n040w4,2225,1,0
2015-05-30 Sat 16:50:58,1,n040w4,2190,1,0
2015-05-30 Sat 16:51:00,2,n040w4,2150,1,0
2015-05-30 Sat 16:51:03,3,n040w4,2125,1,0
2015-05-30 Sat 16:51:06,4,n040w4,2115,1,0
2015-05-30 Sat 16:51:09,5,n040w4,2200,1,0
2015-05-30 Sat 16:51:14,6,n040w4,2135,1,0
2015-05-30 Sat 16:51:17,7,n040w4,2220,1,0
2015-05-30 Sat 17:00:07,0,n030w4,2160,1,0
2015-05-30 Sat 17:00:07,1,n030w4,2315,1,0
2015-05-30 Sat 17:00:08,2,n030w4,2180,1,0
2015-05-30 Sat 17:00:12,3,n030w4,2260,1,0
2015-05-30 Sat 17:00:15,4,n030w4,2240,1,0
2015-05-30 Sat 17:00:18,5,n030w4,2325,1,0
2015-05-30 Sat 17:00:22,6,n030w4,2190,1,0
2015-05-30 Sat 17:00:25,7,n030w4,2275,1,0
2015-05-30 Sat 17:15:51,0,n120w8,5830,1,0
2015-05-30 Sat 17:15:51,1,n120w8,5550,1,0
2015-05-30 Sat 17:15:53,2,n120w8,5870,1,0
2015-05-30 Sat 17:15:56,3,n120w8,5985,1,0
2015-05-30 Sat 17:15:59,4,n120w8,5745,1,0
2015-05-30 Sat 17:16:02,5,n120w8,5555,1,0
2015-05-30 Sat 17:16:07,6,n120w8,5700,1,0
2015-05-30 Sat 17:16:10,7,n120w8,5765,1,0
2015-05-30 Sat 18:44:34,0,n100w8,4895,1,0
2015-05-30 Sat 18:44:34,1,n100w8,4895,1,0
2015-05-30 Sat 18:44:36,2,n100w8,4730,1,0
2015-05-30 Sat 18:44:39,3,n100w8,4825,1,0
2015-05-30 Sat 18:44:42,4,n100w8,4705,1,0
2015-05-30 Sat 18:44:45,5,n100w8,4650,1,0
2015-05-30 Sat 18:44:50,6,n100w8,4755,1,0
2015-05-30 Sat 18:44:53,7,n100w8,4540,1,0
2015-05-30 Sat 20:00:04,0,n120w4,3200,1,0
2015-05-30 Sat 20:00:04,1,n120w4,3200,1,0
2015-05-30 Sat 20:00:06,2,n120w4,3370,1,0
2015-05-30 Sat 20:00:09,3,n120w4,3210,1,0
2015-05-30 Sat 20:00:12,4,n120w4,3290,1,0
2015-05-30 Sat 20:00:15,5,n120w4,3280,1,0
2015-05-30 Sat 20:00:20,6,n120w4,3275,1,0
2015-05-30 Sat 20:00:23,7,n120w4,3405,1,0
2015-05-30 Sat 20:41:08,0,n080w8,6390,1,0
2015-05-30 Sat 20:41:08,1,n080w8,6390,1,0
2015-05-30 Sat 20:41:09,2,n080w8,6155,1,0
2015-05-30 Sat 20:41:13,3,n080w8,6310,1,0
2015-05-30 Sat 20:41:15,4,n080w8,6270,1,0
2015-05-30 Sat 20:41:18,5,n080w8,6265,1,0
2015-05-30 Sat 20:41:23,6,n080w8,6290,1,0
2015-05-30 Sat 20:41:26,7,n080w8,6420,1,0
2015-05-30 Sat 21:39:01,0,n100w4,2620,1,0
2015-05-30 Sat 21:39:01,1,n100w4,2620,1,0
2015-05-30 Sat 21:39:03,2,n100w4,2540,1,0
2015-05-30 Sat 21:39:06,3,n100w4,2610,1,0
2015-05-30 Sat 21:39:09,4,n100w4,2540,1,0
2015-05-30 Sat 21:39:12,5,n100w4,2555,1,0
2015-05-30 Sat 21:39:17,6,n100w4,2840,1,0
2015-05-30 Sat 21:39:20,7,n100w4,2525,1,0
2015-05-30 Sat 22:11:16,1,n060w8,4475,1,0
2015-05-30 Sat 22:11:16,0,n060w8,4475,1,0
2015-05-30 Sat 22:11:18,2,n060w8,4760,1,0
2015-05-30 Sat 22:11:21,3,n060w8,4625,1,0
2015-05-30 Sat 22:11:24,4,n060w8,4425,1,0
2015-05-30 Sat 22:11:27,5,n060w8,4705,1,0
2015-05-30 Sat 22:11:32,6,n060w8,4545,1,0
2015-05-30 Sat 22:11:35,7,n060w8,4805,1,0
2015-05-30 Sat 22:51:34,0,n080w4,4160,1,0
2015-05-30 Sat 22:51:34,1,n080w4,4160,1,0
2015-05-30 Sat 22:51:35,2,n080w4,4120,1,0
2015-05-30 Sat 22:51:39,3,n080w4,4145,1,0
2015-05-30 Sat 22:51:42,4,n080w4,4250,1,0
2015-05-30 Sat 22:51:44,5,n080w4,4065,1,0
2015-05-30 Sat 22:51:49,6,n080w4,4300,1,0
2015-05-30 Sat 22:51:52,7,n080w4,4220,1,0
2015-05-30 Sat 23:16:06,0,n050w8,6990,1,0
2015-05-30 Sat 23:16:06,1,n050w8,6990,1,0
2015-05-30 Sat 23:16:08,2,n050w8,6790,1,0
2015-05-30 Sat 23:16:11,3,n050w8,6930,1,0
2015-05-30 Sat 23:16:14,4,n050w8,6905,1,0
2015-05-30 Sat 23:16:17,5,n050w8,7095,1,0
2015-05-30 Sat 23:16:22,6,n050w8,6945,1,0
2015-05-30 Sat 23:16:25,7,n050w8,7015,1,0
2015-05-30 Sat 23:46:29,0,n060w4,3455,1,0
2015-05-30 Sat 23:46:29,1,n060w4,3455,1,0
2015-05-30 Sat 23:46:31,2,n060w4,3405,1,0
2015-05-30 Sat 23:46:34,3,n060w4,3535,1,0
2015-05-30 Sat 23:46:37,4,n060w4,3335,1,0
2015-05-30 Sat 23:46:40,5,n060w4,3440,1,0
2015-05-30 Sat 23:46:45,6,n060w4,3460,1,0
2015-05-30 Sat 23:46:48,7,n060w4,3355,1,0
2015-05-31 Sun 00:03:20,0,n040w8,3655,1,0
2015-05-31 Sun 00:03:20,1,n040w8,3655,1,0
2015-05-31 Sun 00:03:22,2,n040w8,3755,1,0
2015-05-31 Sun 00:03:25,3,n040w8,3470,1,0
2015-05-31 Sun 00:03:28,4,n040w8,3630,1,0
2015-05-31 Sun 00:03:31,5,n040w8,3680,1,0
2015-05-31 Sun 00:03:36,6,n040w8,3670,1,0
2015-05-31 Sun 00:03:39,7,n040w8,3660,1,0
2015-05-31 Sun 00:24:55,1,n050w4,1925,1,0
2015-05-31 Sun 00:24:55,0,n050w4,1925,1,0
2015-05-31 Sun 00:24:56,2,n050w4,1890,1,0
2015-05-31 Sun 00:25:00,3,n050w4,1880,1,0
2015-05-31 Sun 00:25:03,4,n050w4,2015,1,0
2015-05-31 Sun 00:25:05,5,n050w4,2020,1,0
2015-05-31 Sun 00:25:10,6,n050w4,2045,1,0
2015-05-31 Sun 00:25:13,7,n050w4,2005,1,0
2015-05-31 Sun 00:37:21,1,n030w8,2700,1,0
2015-05-31 Sun 00:37:21,0,n030w8,2700,1,0
2015-05-31 Sun 00:37:23,2,n030w8,2725,1,0
2015-05-31 Sun 00:37:26,3,n030w8,2645,1,0
2015-05-31 Sun 00:37:29,4,n030w8,2755,1,0
2015-05-31 Sun 00:37:32,5,n030w8,2735,1,0
2015-05-31 Sun 00:37:37,6,n030w8,2760,1,0
2015-05-31 Sun 00:37:40,7,n030w8,2675,1,0
2015-05-31 Sun 00:50:07,0,n040w4,2215,1,0
2015-05-31 Sun 00:50:07,1,n040w4,2215,1,0
2015-05-31 Sun 00:50:09,2,n040w4,2185,1,0
2015-05-31 Sun 00:50:13,3,n040w4,2255,1,0
2015-05-31 Sun 00:50:15,4,n040w4,2210,1,0
2015-05-31 Sun 00:50:18,5,n040w4,2200,1,0
2015-05-31 Sun 00:50:23,6,n040w4,2195,1,0
2015-05-31 Sun 00:50:26,7,n040w4,2215,1,0
2015-05-31 Sun 00:59:16,0,n030w4,2280,1,0
2015-05-31 Sun 00:59:16,1,n030w4,2180,1,0
2015-05-31 Sun 00:59:18,2,n030w4,2185,1,0
2015-05-31 Sun 00:59:21,3,n030w4,2265,1,0
2015-05-31 Sun 00:59:24,4,n030w4,2215,1,0
2015-05-31 Sun 00:59:27,5,n030w4,2205,1,0
2015-05-31 Sun 00:59:31,6,n030w4,2225,1,0
2015-05-31 Sun 00:59:35,7,n030w4,2200,1,0
2015-05-31 Sun 01:15:00,0,n120w8,5765,1,0
2015-05-31 Sun 01:15:00,1,n120w8,5505,1,0
2015-05-31 Sun 01:15:02,2,n120w8,5785,1,0
2015-05-31 Sun 01:15:05,3,n120w8,6110,1,0
2015-05-31 Sun 01:15:08,4,n120w8,5975,1,0
2015-05-31 Sun 01:15:11,5,n120w8,5600,1,0
2015-05-31 Sun 01:15:16,6,n120w8,5620,1,0
2015-05-31 Sun 01:15:19,7,n120w8,5445,1,0
2015-05-31 Sun 02:43:43,0,n100w8,4720,1,0
2015-05-31 Sun 02:43:43,1,n100w8,4720,1,0
2015-05-31 Sun 02:43:45,2,n100w8,4665,1,0
2015-05-31 Sun 02:43:48,3,n100w8,4720,1,0
2015-05-31 Sun 02:43:51,4,n100w8,4660,1,0
2015-05-31 Sun 02:43:54,5,n100w8,4590,1,0
2015-05-31 Sun 02:43:59,6,n100w8,4480,1,0
2015-05-31 Sun 02:44:02,7,n100w8,4560,1,0
2015-05-31 Sun 03:59:13,0,n120w4,3355,1,0
2015-05-31 Sun 03:59:14,1,n120w4,3190,1,0
2015-05-31 Sun 03:59:15,2,n120w4,3375,1,0
2015-05-31 Sun 03:59:18,3,n120w4,3355,1,0
2015-05-31 Sun 03:59:21,4,n120w4,3295,1,0
2015-05-31 Sun 03:59:24,5,n120w4,3395,1,0
2015-05-31 Sun 03:59:29,6,n120w4,3255,1,0
2015-05-31 Sun 03:59:32,7,n120w4,3290,1,0
2015-05-31 Sun 04:40:17,0,n080w8,6200,1,0
2015-05-31 Sun 04:40:17,1,n080w8,6195,1,0
2015-05-31 Sun 04:40:18,2,n080w8,6265,1,0
2015-05-31 Sun 04:40:22,3,n080w8,6585,1,0
2015-05-31 Sun 04:40:25,4,n080w8,6425,1,0
2015-05-31 Sun 04:40:27,5,n080w8,6190,1,0
2015-05-31 Sun 04:40:32,6,n080w8,6230,1,0
2015-05-31 Sun 04:40:35,7,n080w8,6130,1,0
2015-05-31 Sun 05:38:11,0,n100w4,2830,1,0
2015-05-31 Sun 05:38:11,1,n100w4,2665,1,0
2015-05-31 Sun 05:38:12,2,n100w4,2730,1,0
2015-05-31 Sun 05:38:15,3,n100w4,2890,1,0
2015-05-31 Sun 05:38:18,4,n100w4,2685,1,0
2015-05-31 Sun 05:38:21,5,n100w4,2715,1,0
2015-05-31 Sun 05:38:26,6,n100w4,2730,1,0
2015-05-31 Sun 05:38:29,7,n100w4,2720,1,0
2015-05-31 Sun 06:10:26,0,n060w8,4690,1,0
2015-05-31 Sun 06:10:26,1,n060w8,4535,1,0
2015-05-31 Sun 06:10:27,2,n060w8,4555,1,0
2015-05-31 Sun 06:10:30,3,n060w8,4750,1,0
2015-05-31 Sun 06:10:33,4,n060w8,4520,1,0
2015-05-31 Sun 06:10:36,5,n060w8,4355,1,0
2015-05-31 Sun 06:10:41,6,n060w8,4800,1,0
2015-05-31 Sun 06:10:44,7,n060w8,4690,1,0
2015-05-31 Sun 06:50:43,0,n080w4,4250,1,0
2015-05-31 Sun 06:50:43,1,n080w4,4060,1,0
2015-05-31 Sun 06:50:44,2,n080w4,4200,1,0
2015-05-31 Sun 06:50:48,3,n080w4,4130,1,0
2015-05-31 Sun 06:50:51,4,n080w4,4135,1,0
2015-05-31 Sun 06:50:54,5,n080w4,4260,1,0
2015-05-31 Sun 06:50:58,6,n080w4,4135,1,0
2015-05-31 Sun 06:51:01,7,n080w4,4380,1,0
2015-05-31 Sun 07:15:16,0,n050w8,6835,1,0
2015-05-31 Sun 07:15:16,1,n050w8,6665,1,0
2015-05-31 Sun 07:15:17,2,n050w8,6885,1,0
2015-05-31 Sun 07:15:21,3,n050w8,6865,1,0
2015-05-31 Sun 07:15:23,4,n050w8,6990,1,0
2015-05-31 Sun 07:15:26,5,n050w8,7025,1,0
2015-05-31 Sun 07:15:31,6,n050w8,7220,1,0
2015-05-31 Sun 07:15:34,7,n050w8,6915,1,0
2015-05-31 Sun 07:45:39,0,n060w4,3450,1,0
2015-05-31 Sun 07:45:39,1,n060w4,3335,1,0
2015-05-31 Sun 07:45:40,2,n060w4,3395,1,0
2015-05-31 Sun 07:45:43,3,n060w4,3440,1,0
2015-05-31 Sun 07:45:46,4,n060w4,3365,1,0
2015-05-31 Sun 07:45:49,5,n060w4,3575,1,0
2015-05-31 Sun 07:45:54,6,n060w4,3535,1,0
2015-05-31 Sun 07:45:57,7,n060w4,3410,1,0
2015-05-31 Sun 08:02:29,0,n040w8,3690,1,0
2015-05-31 Sun 08:02:29,1,n040w8,3730,1,0
2015-05-31 Sun 08:02:31,2,n040w8,3560,1,0
2015-05-31 Sun 08:02:34,3,n040w8,3715,1,0
2015-05-31 Sun 08:02:37,4,n040w8,3880,1,0
2015-05-31 Sun 08:02:40,5,n040w8,3940,1,0
2015-05-31 Sun 08:02:45,6,n040w8,3555,1,0
2015-05-31 Sun 08:02:48,7,n040w8,3960,1,0
2015-05-31 Sun 08:24:04,0,n050w4,1945,1,0
2015-05-31 Sun 08:24:04,1,n050w4,2025,1,0
2015-05-31 Sun 08:24:05,2,n050w4,1965,1,0
2015-05-31 Sun 08:24:09,3,n050w4,1840,1,0
2015-05-31 Sun 08:24:12,4,n050w4,1960,1,0
2015-05-31 Sun 08:24:15,5,n050w4,1870,1,0
2015-05-31 Sun 08:24:19,6,n050w4,2015,1,0
2015-05-31 Sun 08:24:22,7,n050w4,1945,1,0
2015-05-31 Sun 08:36:30,0,n030w8,2805,1,0
2015-05-31 Sun 08:36:30,1,n030w8,2865,1,0
2015-05-31 Sun 08:36:32,2,n030w8,2660,1,0
2015-05-31 Sun 08:36:35,3,n030w8,2735,1,0
2015-05-31 Sun 08:36:38,4,n030w8,2710,1,0
2015-05-31 Sun 08:36:41,5,n030w8,2730,1,0
2015-05-31 Sun 08:36:46,6,n030w8,2725,1,0
2015-05-31 Sun 08:36:49,7,n030w8,2870,1,0
2015-05-31 Sun 08:49:17,0,n040w4,2210,1,0
2015-05-31 Sun 08:49:17,1,n040w4,2155,1,0
2015-05-31 Sun 08:49:18,2,n040w4,2160,1,0
2015-05-31 Sun 08:49:22,3,n040w4,2200,1,0
2015-05-31 Sun 08:49:24,4,n040w4,2185,1,0
2015-05-31 Sun 08:49:27,5,n040w4,2225,1,0
2015-05-31 Sun 08:49:32,6,n040w4,2225,1,0
2015-05-31 Sun 08:49:35,7,n040w4,2205,1,0
2015-05-31 Sun 08:58:25,0,n030w4,2285,1,0
2015-05-31 Sun 08:58:25,1,n030w4,2250,1,0
2015-05-31 Sun 08:58:27,2,n030w4,2265,1,0
2015-05-31 Sun 08:58:30,3,n030w4,2190,1,0
2015-05-31 Sun 08:58:33,4,n030w4,2205,1,0
2015-05-31 Sun 08:58:36,5,n030w4,2295,1,0
2015-05-31 Sun 08:58:41,6,n030w4,2270,1,0
2015-05-31 Sun 08:58:44,7,n030w4,2230,1,0
2015-05-31 Sun 09:14:09,0,n120w8,5890,1,0
2015-05-31 Sun 09:14:10,1,n120w8,5835,1,0
2015-05-31 Sun 09:14:11,2,n120w8,5825,1,0
2015-05-31 Sun 09:14:15,3,n120w8,5795,1,0
2015-05-31 Sun 09:14:17,4,n120w8,5695,1,0
2015-05-31 Sun 09:14:20,5,n120w8,6315,1,0
2015-05-31 Sun 09:14:25,6,n120w8,5980,1,0
2015-05-31 Sun 09:14:28,7,n120w8,5735,1,0
2015-05-31 Sun 10:42:52,0,n100w8,4860,1,0
2015-05-31 Sun 10:42:52,1,n100w8,4680,1,0
2015-05-31 Sun 10:42:54,2,n100w8,4570,1,0
2015-05-31 Sun 10:42:57,3,n100w8,4615,1,0
2015-05-31 Sun 10:43:00,4,n100w8,4580,1,0
2015-05-31 Sun 10:43:03,5,n100w8,4505,1,0
2015-05-31 Sun 10:43:08,6,n100w8,4670,1,0
2015-05-31 Sun 10:43:11,7,n100w8,4720,1,0
2015-05-31 Sun 11:58:23,0,n120w4,3190,1,0
2015-05-31 Sun 11:58:23,1,n120w4,3375,1,0
2015-05-31 Sun 11:58:24,2,n120w4,3345,1,0
2015-05-31 Sun 11:58:28,3,n120w4,3270,1,0
2015-05-31 Sun 11:58:30,4,n120w4,3235,1,0
2015-05-31 Sun 11:58:33,5,n120w4,3255,1,0
2015-05-31 Sun 11:58:38,6,n120w4,3250,1,0
2015-05-31 Sun 11:58:41,7,n120w4,3195,1,0
2015-05-31 Sun 12:39:26,0,n080w8,6195,1,0
2015-05-31 Sun 12:39:26,1,n080w8,6155,1,0
2015-05-31 Sun 12:39:27,2,n080w8,6130,1,0
2015-05-31 Sun 12:39:31,3,n080w8,6405,1,0
2015-05-31 Sun 12:39:34,4,n080w8,6245,1,0
2015-05-31 Sun 12:39:37,5,n080w8,6385,1,0
2015-05-31 Sun 12:39:41,6,n080w8,6650,1,0
2015-05-31 Sun 12:39:44,7,n080w8,6065,1,0
2015-05-31 Sun 13:37:20,0,n100w4,2625,1,0
2015-05-31 Sun 13:37:20,1,n100w4,2830,1,0
2015-05-31 Sun 13:37:21,2,n100w4,2630,1,0
2015-05-31 Sun 13:37:25,3,n100w4,2690,1,0
2015-05-31 Sun 13:37:27,4,n100w4,2630,1,0
2015-05-31 Sun 13:37:30,5,n100w4,2660,1,0
2015-05-31 Sun 13:37:35,6,n100w4,2755,1,0
2015-05-31 Sun 13:37:38,7,n100w4,2820,1,0
2015-05-31 Sun 14:09:35,0,n060w8,4625,1,0
2015-05-31 Sun 14:09:35,1,n060w8,4550,1,0
2015-05-31 Sun 14:09:36,2,n060w8,4775,1,0
2015-05-31 Sun 14:09:40,3,n060w8,4315,1,0
2015-05-31 Sun 14:09:42,4,n060w8,4850,1,0
2015-05-31 Sun 14:09:45,5,n060w8,4575,1,0
2015-05-31 Sun 14:09:50,6,n060w8,4665,1,0
2015-05-31 Sun 14:09:53,7,n060w8,4370,1,0
